352	FT911-3618	1	0.152435
352	FT911-3246	2	0.130438
352	FT911-91	3	0.122738
352	FT911-63	4	0.118138
352	FT911-4701	5	0.111711
352	FT911-1174	6	0.111245
352	FT911-4762	7	0.110926
352	FT911-5179	8	0.108509
352	FT911-4606	9	0.107872
352	FT911-4247	10	0.105860
352	FT911-437	11	0.100989
352	FT911-2267	12	0.095729
352	FT911-417	13	0.095369
352	FT911-3106	14	0.093595
352	FT911-3278	15	0.092885
352	FT911-2002	16	0.091399
352	FT911-802	17	0.091389
352	FT911-3053	18	0.089643
352	FT911-2740	19	0.088808
352	FT911-3772	20	0.088656
352	FT911-2383	21	0.087242
352	FT911-5307	22	0.086785
352	FT911-3710	23	0.086720
352	FT911-5072	24	0.086213
352	FT911-1582	25	0.085398
352	FT911-610	26	0.084603
352	FT911-3651	27	0.084387
352	FT911-3866	28	0.084261
352	FT911-3370	29	0.083684
352	FT911-2803	30	0.083205
352	FT911-2510	31	0.083074
352	FT911-4818	32	0.081675
352	FT911-3432	33	0.081020
352	FT911-910	34	0.079412
352	FT911-331	35	0.079298
352	FT911-4339	36	0.079042
352	FT911-2751	37	0.078903
352	FT911-1087	38	0.078846
352	FT911-1768	39	0.078517
352	FT911-1436	40	0.078481
352	FT911-3393	41	0.078061
352	FT911-1198	42	0.077900
352	FT911-156	43	0.077510
352	FT911-2138	44	0.077498
352	FT911-1674	45	0.077303
352	FT911-3503	46	0.077172
352	FT911-328	47	0.077122
352	FT911-2549	48	0.076720
352	FT911-4814	49	0.076718
352	FT911-3349	50	0.076124
352	FT911-2581	51	0.075624
352	FT911-2154	52	0.075526
352	FT911-4645	53	0.075286
352	FT911-5249	54	0.074582
352	FT911-2222	55	0.074073
352	FT911-2280	56	0.073835
352	FT911-3853	57	0.073770
352	FT911-341	58	0.073121
352	FT911-5343	59	0.073046
352	FT911-4687	60	0.072980
352	FT911-4561	61	0.072662
352	FT911-1556	62	0.071340
352	FT911-765	63	0.071066
352	FT911-3635	64	0.071055
352	FT911-4636	65	0.070968
352	FT911-3387	66	0.070880
352	FT911-4769	67	0.070461
352	FT911-775	68	0.070271
352	FT911-516	69	0.070120
352	FT911-4786	70	0.069757
352	FT911-3358	71	0.069318
352	FT911-1668	72	0.069214
352	FT911-1857	73	0.068827
352	FT911-3132	74	0.068826
352	FT911-4948	75	0.068593
352	FT911-2599	76	0.068178
352	FT911-2052	77	0.068069
352	FT911-2093	78	0.067883
352	FT911-794	79	0.067822
352	FT911-4345	80	0.067543
352	FT911-5193	81	0.067531
352	FT911-2046	82	0.067446
352	FT911-1897	83	0.067327
352	FT911-1065	84	0.067307
352	FT911-279	85	0.067293
352	FT911-3858	86	0.067131
352	FT911-274	87	0.067039
352	FT911-4447	88	0.066520
352	FT911-1362	89	0.066198
352	FT911-834	90	0.066165
352	FT911-2876	91	0.066132
352	FT911-39	92	0.065952
352	FT911-3947	93	0.065670
352	FT911-413	94	0.065342
352	FT911-1488	95	0.065318
352	FT911-2281	96	0.065313
352	FT911-4348	97	0.065297
352	FT911-705	98	0.065270
352	FT911-259	99	0.065071
352	FT911-2874	100	0.065059
352	FT911-289	101	0.064996
352	FT911-2560	102	0.064818
352	FT911-2584	103	0.064709
352	FT911-1888	104	0.064449
352	FT911-3922	105	0.064357
352	FT911-519	106	0.064345
352	FT911-2306	107	0.064320
352	FT911-2530	108	0.064273
352	FT911-4059	109	0.063954
352	FT911-650	110	0.063865
352	FT911-1462	111	0.063790
352	FT911-1563	112	0.063618
352	FT911-3165	113	0.063379
352	FT911-4783	114	0.063325
352	FT911-2882	115	0.063220
352	FT911-4293	116	0.063130
352	FT911-992	117	0.063011
352	FT911-2580	118	0.062950
352	FT911-2292	119	0.062739
352	FT911-851	120	0.062554
352	FT911-5027	121	0.062452
352	FT911-1266	122	0.062391
352	FT911-3540	123	0.062295
352	FT911-1496	124	0.061837
352	FT911-3169	125	0.061831
352	FT911-3345	126	0.061709
352	FT911-2145	127	0.061470
352	FT911-900	128	0.061426
352	FT911-2451	129	0.061378
352	FT911-2196	130	0.061254
352	FT911-2572	131	0.061098
352	FT911-908	132	0.061075
352	FT911-450	133	0.061074
352	FT911-4887	134	0.060589
352	FT911-4050	135	0.060507
352	FT911-5265	136	0.060457
352	FT911-4569	137	0.060431
352	FT911-5340	138	0.060398
352	FT911-4591	139	0.060321
352	FT911-535	140	0.060302
352	FT911-1901	141	0.060260
352	FT911-783	142	0.060249
352	FT911-3261	143	0.060171
352	FT911-1031	144	0.060068
352	FT911-5057	145	0.059876
352	FT911-1315	146	0.059768
352	FT911-4321	147	0.059736
352	FT911-530	148	0.059301
352	FT911-5085	149	0.059281
352	FT911-2931	150	0.059061
352	FT911-2756	151	0.058892
352	FT911-2618	152	0.058801
352	FT911-338	153	0.058783
352	FT911-4519	154	0.058752
352	FT911-1492	155	0.058703
352	FT911-4821	156	0.058691
352	FT911-3681	157	0.058643
352	FT911-4120	158	0.058641
352	FT911-5098	159	0.058603
352	FT911-2332	160	0.058565
352	FT911-3522	161	0.058548
352	FT911-3215	162	0.058503
352	FT911-3133	163	0.058479
352	FT911-1529	164	0.058213
352	FT911-2270	165	0.058032
352	FT911-4074	166	0.057997
352	FT911-3662	167	0.057895
352	FT911-791	168	0.057800
352	FT911-1491	169	0.057518
352	FT911-1512	170	0.057492
352	FT911-4033	171	0.057443
352	FT911-284	172	0.057428
352	FT911-2380	173	0.057248
352	FT911-2639	174	0.056983
352	FT911-2569	175	0.056963
352	FT911-555	176	0.056815
352	FT911-586	177	0.056793
352	FT911-2649	178	0.056750
352	FT911-4125	179	0.056664
352	FT911-2644	180	0.056535
352	FT911-3339	181	0.056513
352	FT911-2843	182	0.056429
352	FT911-4164	183	0.056344
352	FT911-3168	184	0.056267
352	FT911-2779	185	0.056261
352	FT911-4095	186	0.056201
352	FT911-4227	187	0.056121
352	FT911-3673	188	0.056073
352	FT911-4044	189	0.056045
352	FT911-2176	190	0.055932
352	FT911-3050	191	0.055926
352	FT911-2832	192	0.055821
352	FT911-4641	193	0.055780
352	FT911-3630	194	0.055774
352	FT911-4009	195	0.055699
352	FT911-4962	196	0.055640
352	FT911-3059	197	0.055111
352	FT911-3731	198	0.055071
352	FT911-5096	199	0.055045
352	FT911-2388	200	0.054992
352	FT911-3688	201	0.054969
352	FT911-5221	202	0.054963
352	FT911-1438	203	0.054876
352	FT911-182	204	0.054854
352	FT911-2699	205	0.054798
352	FT911-3923	206	0.054762
352	FT911-5077	207	0.054721
352	FT911-1148	208	0.054682
352	FT911-4119	209	0.054466
352	FT911-2461	210	0.054458
352	FT911-565	211	0.054183
352	FT911-2005	212	0.054140
352	FT911-3407	213	0.054077
352	FT911-3868	214	0.054004
352	FT911-2289	215	0.053867
352	FT911-4914	216	0.053784
352	FT911-3521	217	0.053780
352	FT911-2373	218	0.053681
352	FT911-4270	219	0.053621
352	FT911-4649	220	0.053423
352	FT911-5180	221	0.053405
352	FT911-4896	222	0.053361
352	FT911-4643	223	0.053184
352	FT911-241	224	0.052888
352	FT911-3135	225	0.052863
352	FT911-801	226	0.052766
352	FT911-2674	227	0.052600
352	FT911-3478	228	0.052394
352	FT911-440	229	0.052194
352	FT911-131	230	0.052183
352	FT911-3259	231	0.052082
352	FT911-5022	232	0.051961
352	FT911-540	233	0.051930
352	FT911-2985	234	0.051899
352	FT911-2718	235	0.051887
352	FT911-1297	236	0.051880
352	FT911-46	237	0.051815
352	FT911-1918	238	0.051789
352	FT911-42	239	0.051668
352	FT911-3886	240	0.051656
352	FT911-3535	241	0.051612
352	FT911-4918	242	0.051572
352	FT911-3153	243	0.051193
352	FT911-613	244	0.051147
352	FT911-4741	245	0.051037
352	FT911-3708	246	0.051021
352	FT911-2929	247	0.050944
352	FT911-4841	248	0.050829
352	FT911-2829	249	0.050803
352	FT911-2714	250	0.050669
352	FT911-2381	251	0.050663
352	FT911-2087	252	0.050620
352	FT911-1102	253	0.050533
352	FT911-2279	254	0.050436
352	FT911-4772	255	0.050410
352	FT911-3905	256	0.050377
352	FT911-2300	257	0.050349
352	FT911-5177	258	0.050332
352	FT911-2290	259	0.050329
352	FT911-4850	260	0.050305
352	FT911-4812	261	0.050232
352	FT911-4067	262	0.050197
352	FT911-1964	263	0.050190
352	FT911-3933	264	0.050185
352	FT911-4799	265	0.050164
352	FT911-2116	266	0.050158
352	FT911-857	267	0.050132
352	FT911-2453	268	0.050081
352	FT911-2126	269	0.050044
352	FT911-916	270	0.050018
352	FT911-1194	271	0.050009
352	FT911-4942	272	0.049969
352	FT911-2798	273	0.049906
352	FT911-5248	274	0.049881
352	FT911-2622	275	0.049832
352	FT911-1318	276	0.049757
352	FT911-2634	277	0.049756
352	FT911-4735	278	0.049727
352	FT911-3438	279	0.049682
352	FT911-2095	280	0.049625
352	FT911-3767	281	0.049625
352	FT911-3641	282	0.049595
352	FT911-2635	283	0.049568
352	FT911-3157	284	0.049120
352	FT911-1210	285	0.049033
352	FT911-4727	286	0.048844
352	FT911-3344	287	0.048776
352	FT911-306	288	0.048736
352	FT911-1774	289	0.048714
352	FT911-3753	290	0.048713
352	FT911-1	291	0.048663
352	FT911-5189	292	0.048609
352	FT911-2201	293	0.048596
352	FT911-3692	294	0.048584
352	FT911-4767	295	0.048521
352	FT911-2488	296	0.048479
352	FT911-1863	297	0.048461
352	FT911-659	298	0.048412
352	FT911-3170	299	0.048392
352	FT911-404	300	0.048360
352	FT911-1675	301	0.048319
352	FT911-4337	302	0.048302
352	FT911-5295	303	0.048266
352	FT911-371	304	0.048243
352	FT911-5063	305	0.048221
352	FT911-3968	306	0.048221
352	FT911-1930	307	0.048219
352	FT911-4856	308	0.048148
352	FT911-3949	309	0.048075
352	FT911-1384	310	0.048066
352	FT911-3361	311	0.048030
352	FT911-3354	312	0.047961
352	FT911-2405	313	0.047949
352	FT911-3595	314	0.047878
352	FT911-1666	315	0.047771
352	FT911-3414	316	0.047724
352	FT911-2455	317	0.047576
352	FT911-3645	318	0.047541
352	FT911-4017	319	0.047492
352	FT911-3786	320	0.047476
352	FT911-5332	321	0.047460
352	FT911-2916	322	0.047439
352	FT911-4372	323	0.047424
352	FT911-399	324	0.047380
352	FT911-1360	325	0.047120
352	FT911-1578	326	0.047107
352	FT911-5296	327	0.047096
352	FT911-3360	328	0.047074
352	FT911-5271	329	0.047020
352	FT911-4172	330	0.047010
352	FT911-4066	331	0.046835
352	FT911-3009	332	0.046819
352	FT911-5196	333	0.046803
352	FT911-4099	334	0.046729
352	FT911-3312	335	0.046660
352	FT911-429	336	0.046583
352	FT911-5186	337	0.046561
352	FT911-4181	338	0.046489
352	FT911-967	339	0.046486
352	FT911-3494	340	0.046407
352	FT911-1122	341	0.046351
352	FT911-1062	342	0.046321
352	FT911-2934	343	0.046316
352	FT911-2835	344	0.046297
352	FT911-4668	345	0.046174
352	FT911-2645	346	0.046112
352	FT911-4381	347	0.046086
352	FT911-552	348	0.046026
352	FT911-1576	349	0.046020
352	FT911-4193	350	0.045998
352	FT911-563	351	0.045989
352	FT911-3269	352	0.045927
352	FT911-3437	353	0.045917
352	FT911-951	354	0.045824
352	FT911-2014	355	0.045808
352	FT911-635	356	0.045804
352	FT911-4579	357	0.045755
352	FT911-4961	358	0.045719
352	FT911-281	359	0.045711
352	FT911-4479	360	0.045708
352	FT911-4608	361	0.045634
352	FT911-5281	362	0.045556
352	FT911-4595	363	0.045534
352	FT911-211	364	0.045477
352	FT911-2948	365	0.045469
352	FT911-1575	366	0.045460
352	FT911-4798	367	0.045443
352	FT911-2132	368	0.045424
352	FT911-2796	369	0.045406
352	FT911-5030	370	0.045350
352	FT911-1845	371	0.045270
352	FT911-1089	372	0.045211
352	FT911-285	373	0.045184
352	FT911-3302	374	0.045181
352	FT911-4438	375	0.045181
352	FT911-3254	376	0.045068
352	FT911-3632	377	0.044971
352	FT911-1828	378	0.044969
352	FT911-854	379	0.044883
352	FT911-3561	380	0.044882
352	FT911-2660	381	0.044870
352	FT911-261	382	0.044866
352	FT911-3638	383	0.044852
352	FT911-3562	384	0.044827
352	FT911-1921	385	0.044771
352	FT911-1260	386	0.044708
352	FT911-1872	387	0.044562
352	FT911-625	388	0.044448
352	FT911-3546	389	0.044301
352	FT911-5356	390	0.044155
352	FT911-902	391	0.044128
352	FT911-4784	392	0.044059
352	FT911-1712	393	0.044039
352	FT911-3605	394	0.044030
352	FT911-3131	395	0.043991
352	FT911-4195	396	0.043990
352	FT911-4650	397	0.043972
352	FT911-3700	398	0.043955
352	FT911-1067	399	0.043952
352	FT911-3265	400	0.043824
352	FT911-4421	401	0.043809
352	FT911-4665	402	0.043776
352	FT911-1986	403	0.043723
352	FT911-2831	404	0.043701
352	FT911-4864	405	0.043666
352	FT911-3104	406	0.043605
352	FT911-5319	407	0.043542
352	FT911-1455	408	0.043487
352	FT911-1595	409	0.043398
352	FT911-2018	410	0.043384
352	FT911-4324	411	0.043365
352	FT911-2970	412	0.043341
352	FT911-3592	413	0.043334
352	FT911-2996	414	0.043247
352	FT911-352	415	0.043244
352	FT911-105	416	0.043197
352	FT911-4031	417	0.043123
352	FT911-1766	418	0.043094
352	FT911-3895	419	0.043060
352	FT911-4036	420	0.043026
352	FT911-3745	421	0.042962
352	FT911-3704	422	0.042943
352	FT911-2387	423	0.042935
352	FT911-3936	424	0.042866
352	FT911-2180	425	0.042788
352	FT911-4835	426	0.042732
352	FT911-5153	427	0.042710
352	FT911-1114	428	0.042700
352	FT911-5341	429	0.042646
352	FT911-870	430	0.042477
352	FT911-2767	431	0.042385
352	FT911-3159	432	0.042382
352	FT911-2968	433	0.042382
352	FT911-4043	434	0.042288
352	FT911-5069	435	0.042249
352	FT911-3973	436	0.042222
352	FT911-5245	437	0.042190
352	FT911-2407	438	0.042148
352	FT911-3818	439	0.042085
352	FT911-4980	440	0.042058
352	FT911-1407	441	0.042017
352	FT911-3761	442	0.041995
352	FT911-1243	443	0.041890
352	FT911-4216	444	0.041862
352	FT911-317	445	0.041744
352	FT911-2693	446	0.041683
352	FT911-4317	447	0.041682
352	FT911-5006	448	0.041681
352	FT911-5269	449	0.041621
352	FT911-4859	450	0.041572
352	FT911-1043	451	0.041558
352	FT911-4338	452	0.041373
352	FT911-3253	453	0.041334
352	FT911-3509	454	0.041331
352	FT911-3737	455	0.041306
352	FT911-1880	456	0.041291
352	FT911-4958	457	0.041206
352	FT911-5053	458	0.041156
352	FT911-3441	459	0.041108
352	FT911-787	460	0.041085
352	FT911-520	461	0.041061
352	FT911-4328	462	0.041017
352	FT911-55	463	0.040997
352	FT911-3324	464	0.040894
352	FT911-721	465	0.040867
352	FT911-1651	466	0.040839
352	FT911-5076	467	0.040838
352	FT911-1075	468	0.040805
352	FT911-3149	469	0.040803
352	FT911-5074	470	0.040780
352	FT911-508	471	0.040678
352	FT911-2672	472	0.040623
352	FT911-1628	473	0.040559
352	FT911-2054	474	0.040521
352	FT911-133	475	0.040517
352	FT911-2994	476	0.040496
352	FT911-499	477	0.040386
352	FT911-664	478	0.040359
352	FT911-481	479	0.040302
352	FT911-2107	480	0.040301
352	FT911-3276	481	0.040270
352	FT911-3718	482	0.040234
352	FT911-2172	483	0.040127
352	FT911-4620	484	0.040081
352	FT911-495	485	0.039964
352	FT911-3220	486	0.039941
352	FT911-4309	487	0.039932
352	FT911-2197	488	0.039924
352	FT911-2859	489	0.039914
352	FT911-95	490	0.039907
352	FT911-3194	491	0.039878
352	FT911-3079	492	0.039855
352	FT911-2192	493	0.039740
352	FT911-482	494	0.039685
352	FT911-3529	495	0.039617
352	FT911-2573	496	0.039607
352	FT911-4889	497	0.039512
352	FT911-533	498	0.039478
352	FT911-1305	499	0.039415
352	FT911-3052	500	0.039408
352	FT911-746	501	0.039394
352	FT911-2051	502	0.039350
352	FT911-3833	503	0.039336
352	FT911-2919	504	0.039307
352	FT911-3891	505	0.039285
352	FT911-2415	506	0.039269
352	FT911-977	507	0.039239
352	FT911-1353	508	0.039231
352	FT911-433	509	0.039206
352	FT911-5353	510	0.039150
352	FT911-166	511	0.039122
352	FT911-4315	512	0.039105
352	FT911-3727	513	0.039102
352	FT911-2540	514	0.039095
352	FT911-4201	515	0.039089
352	FT911-1619	516	0.039079
352	FT911-3661	517	0.038984
352	FT911-4383	518	0.038954
352	FT911-1261	519	0.038831
352	FT911-3938	520	0.038802
352	FT911-4489	521	0.038786
352	FT911-5019	522	0.038749
352	FT911-4792	523	0.038648
352	FT911-1892	524	0.038602
352	FT911-485	525	0.038537
352	FT911-84	526	0.038527
352	FT911-4564	527	0.038504
352	FT911-4112	528	0.038479
352	FT911-654	529	0.038462
352	FT911-1502	530	0.038350
352	FT911-680	531	0.038335
352	FT911-4518	532	0.038320
352	FT911-995	533	0.038319
352	FT911-5200	534	0.038256
352	FT911-2060	535	0.038251
352	FT911-4658	536	0.038247
352	FT911-1856	537	0.038167
352	FT911-1941	538	0.038083
352	FT911-5246	539	0.038043
352	FT911-1124	540	0.038042
352	FT911-473	541	0.037987
352	FT911-4801	542	0.037968
352	FT911-4699	543	0.037930
352	FT911-4800	544	0.037913
352	FT911-3733	545	0.037893
352	FT911-3108	546	0.037869
352	FT911-277	547	0.037814
352	FT911-3258	548	0.037774
352	FT911-3751	549	0.037730
352	FT911-3910	550	0.037726
352	FT911-3095	551	0.037655
352	FT911-2774	552	0.037544
352	FT911-2621	553	0.037503
352	FT911-982	554	0.037472
352	FT911-3606	555	0.037422
352	FT911-251	556	0.037389
352	FT911-287	557	0.037261
352	FT911-2792	558	0.037236
352	FT911-3785	559	0.037233
352	FT911-3775	560	0.037208
352	FT911-3372	561	0.037200
352	FT911-2528	562	0.037192
352	FT911-1673	563	0.037132
352	FT911-56	564	0.037114
352	FT911-4040	565	0.037089
352	FT911-2260	566	0.037055
352	FT911-3746	567	0.036976
352	FT911-4103	568	0.036914
352	FT911-2048	569	0.036888
352	FT911-2016	570	0.036886
352	FT911-4311	571	0.036872
352	FT911-3975	572	0.036853
352	FT911-478	573	0.036844
352	FT911-3852	574	0.036830
352	FT911-2514	575	0.036802
352	FT911-1223	576	0.036707
352	FT911-4179	577	0.036610
352	FT911-5293	578	0.036610
352	FT911-4588	579	0.036608
352	FT911-3534	580	0.036533
352	FT911-1374	581	0.036523
352	FT911-3003	582	0.036515
352	FT911-4132	583	0.036472
352	FT911-506	584	0.036417
352	FT911-115	585	0.036358
352	FT911-2980	586	0.036340
352	FT911-2244	587	0.036339
352	FT911-1663	588	0.036331
352	FT911-3720	589	0.036315
352	FT911-2343	590	0.036288
352	FT911-808	591	0.036279
352	FT911-3091	592	0.036134
352	FT911-137	593	0.036132
352	FT911-265	594	0.036122
352	FT911-1427	595	0.036111
352	FT911-1885	596	0.036045
352	FT911-1615	597	0.035997
352	FT911-3966	598	0.035983
352	FT911-2457	599	0.035960
352	FT911-4362	600	0.035921
352	FT911-2828	601	0.035886
352	FT911-1760	602	0.035853
352	FT911-5028	603	0.035850
352	FT911-2032	604	0.035845
352	FT911-2616	605	0.035831
352	FT911-3367	606	0.035829
352	FT911-932	607	0.035817
352	FT911-663	608	0.035783
352	FT911-3956	609	0.035774
352	FT911-5238	610	0.035739
352	FT911-3332	611	0.035694
352	FT911-4862	612	0.035599
352	FT911-968	613	0.035587
352	FT911-5342	614	0.035583
352	FT911-4153	615	0.035529
352	FT911-1477	616	0.035511
352	FT911-2179	617	0.035461
352	FT911-4679	618	0.035407
352	FT911-2657	619	0.035367
352	FT911-3788	620	0.035324
352	FT911-194	621	0.035215
352	FT911-2650	622	0.035207
352	FT911-804	623	0.035190
352	FT911-1275	624	0.035130
352	FT911-4202	625	0.035128
352	FT911-4793	626	0.035101
352	FT911-1864	627	0.034997
352	FT911-1078	628	0.034984
352	FT911-419	629	0.034972
352	FT911-2484	630	0.034938
352	FT911-4076	631	0.034883
352	FT911-1778	632	0.034882
352	FT911-2122	633	0.034863
352	FT911-1444	634	0.034848
352	FT911-5237	635	0.034844
352	FT911-4219	636	0.034843
352	FT911-1566	637	0.034826
352	FT911-4986	638	0.034626
352	FT911-1528	639	0.034534
352	FT911-2129	640	0.034506
352	FT911-4466	641	0.034470
352	FT911-3257	642	0.034458
352	FT911-3191	643	0.034400
352	FT911-2131	644	0.034370
352	FT911-3793	645	0.034344
352	FT911-4816	646	0.034324
352	FT911-3525	647	0.034275
352	FT911-3970	648	0.034261
352	FT911-3229	649	0.034250
352	FT911-2711	650	0.034154
352	FT911-54	651	0.034022
352	FT911-2275	652	0.034020
352	FT911-4947	653	0.033978
352	FT911-2205	654	0.033917
352	FT911-4860	655	0.033898
352	FT911-4790	656	0.033896
352	FT911-221	657	0.033895
352	FT911-3410	658	0.033867
352	FT911-377	659	0.033818
352	FT911-2617	660	0.033818
352	FT911-4261	661	0.033806
352	FT911-1523	662	0.033803
352	FT911-403	663	0.033790
352	FT911-4229	664	0.033744
352	FT911-5143	665	0.033737
352	FT911-1694	666	0.033710
352	FT911-2458	667	0.033677
352	FT911-2206	668	0.033650
352	FT911-2473	669	0.033632
352	FT911-750	670	0.033589
352	FT911-1022	671	0.033561
352	FT911-4877	672	0.033520
352	FT911-4610	673	0.033497
352	FT911-253	674	0.033427
352	FT911-3492	675	0.033393
352	FT911-2971	676	0.033380
352	FT911-2183	677	0.033369
352	FT911-760	678	0.033339
352	FT911-1682	679	0.033329
352	FT911-1267	680	0.033293
352	FT911-1222	681	0.033269
352	FT911-2271	682	0.033235
352	FT911-4019	683	0.033221
352	FT911-1478	684	0.033217
352	FT911-3230	685	0.033215
352	FT911-3713	686	0.033206
352	FT911-4206	687	0.033181
352	FT911-2423	688	0.033178
352	FT911-2771	689	0.033156
352	FT911-5333	690	0.033145
352	FT911-4385	691	0.033092
352	FT911-924	692	0.033091
352	FT911-1066	693	0.033062
352	FT911-2066	694	0.033061
352	FT911-2763	695	0.033012
352	FT911-4836	696	0.033010
352	FT911-1135	697	0.032992
352	FT911-2468	698	0.032915
352	FT911-738	699	0.032875
352	FT911-510	700	0.032874
352	FT911-4949	701	0.032869
352	FT911-4778	702	0.032855
352	FT911-5270	703	0.032833
352	FT911-3233	704	0.032817
352	FT911-2772	705	0.032779
352	FT911-3491	706	0.032763
352	FT911-1790	707	0.032699
352	FT911-994	708	0.032658
352	FT911-4207	709	0.032570
352	FT911-1474	710	0.032559
352	FT911-134	711	0.032546
352	FT911-400	712	0.032542
352	FT911-682	713	0.032501
352	FT911-1247	714	0.032457
352	FT911-1431	715	0.032442
352	FT911-2819	716	0.032423
352	FT911-3581	717	0.032418
352	FT911-460	718	0.032416
352	FT911-4944	719	0.032405
352	FT911-3288	720	0.032394
352	FT911-2652	721	0.032391
352	FT911-4129	722	0.032387
352	FT911-3010	723	0.032313
352	FT911-4937	724	0.032310
352	FT911-3787	725	0.032292
352	FT911-3458	726	0.032280
352	FT911-2742	727	0.032247
352	FT911-3850	728	0.032235
352	FT911-1581	729	0.032227
352	FT911-3241	730	0.032181
352	FT911-1589	731	0.032179
352	FT911-2795	732	0.032171
352	FT911-1518	733	0.032169
352	FT911-3280	734	0.032092
352	FT911-1879	735	0.032084
352	FT911-2500	736	0.032076
352	FT911-1370	737	0.032076
352	FT911-1755	738	0.032058
352	FT911-3867	739	0.032054
352	FT911-3409	740	0.032036
352	FT911-736	741	0.032034
352	FT911-1002	742	0.031990
352	FT911-511	743	0.031988
352	FT911-788	744	0.031987
352	FT911-3929	745	0.031968
352	FT911-75	746	0.031955
352	FT911-125	747	0.031897
352	FT911-612	748	0.031874
352	FT911-2806	749	0.031866
352	FT911-807	750	0.031840
352	FT911-435	751	0.031812
352	FT911-1325	752	0.031798
352	FT911-969	753	0.031750
352	FT911-1681	754	0.031717
352	FT911-53	755	0.031708
352	FT911-1344	756	0.031690
352	FT911-60	757	0.031675
352	FT911-1671	758	0.031673
352	FT911-4092	759	0.031666
352	FT911-1400	760	0.031665
352	FT911-4956	761	0.031662
352	FT911-2785	762	0.031643
352	FT911-4637	763	0.031621
352	FT911-2551	764	0.031614
352	FT911-5178	765	0.031577
352	FT911-2741	766	0.031540
352	FT911-3373	767	0.031528
352	FT911-379	768	0.031509
352	FT911-5264	769	0.031426
352	FT911-4498	770	0.031418
352	FT911-4380	771	0.031344
352	FT911-4018	772	0.031310
352	FT911-106	773	0.031281
352	FT911-1309	774	0.031263
352	FT911-811	775	0.031208
352	FT911-2776	776	0.031164
352	FT911-2293	777	0.031140
352	FT911-2432	778	0.031121
352	FT911-1499	779	0.031087
352	FT911-2820	780	0.031035
352	FT911-5345	781	0.031015
352	FT911-4171	782	0.031003
352	FT911-4559	783	0.030907
352	FT911-3442	784	0.030898
352	FT911-2661	785	0.030871
352	FT911-4310	786	0.030863
352	FT911-4168	787	0.030854
352	FT911-1919	788	0.030844
352	FT911-2790	789	0.030832
352	FT911-859	790	0.030803
352	FT911-4748	791	0.030795
352	FT911-2981	792	0.030783
352	FT911-2911	793	0.030766
352	FT911-2942	794	0.030733
352	FT911-135	795	0.030703
352	FT911-2605	796	0.030696
352	FT911-887	797	0.030696
352	FT911-3446	798	0.030685
352	FT911-3115	799	0.030680
352	FT911-3109	800	0.030671
352	FT911-4469	801	0.030637
352	FT911-248	802	0.030570
352	FT911-1869	803	0.030502
352	FT911-3972	804	0.030458
352	FT911-4840	805	0.030433
352	FT911-4003	806	0.030413
352	FT911-2166	807	0.030374
352	FT911-3951	808	0.030355
352	FT911-4951	809	0.030305
352	FT911-3986	810	0.030289
352	FT911-193	811	0.030280
352	FT911-2114	812	0.030275
352	FT911-2564	813	0.030255
352	FT911-1587	814	0.030215
352	FT911-2570	815	0.030207
352	FT911-3976	816	0.030140
352	FT911-4544	817	0.030109
352	FT911-2118	818	0.030089
352	FT911-1352	819	0.030021
352	FT911-4238	820	0.030009
352	FT911-3006	821	0.029988
352	FT911-4571	822	0.029978
352	FT911-5033	823	0.029956
352	FT911-2588	824	0.029949
352	FT911-3542	825	0.029937
352	FT911-3443	826	0.029891
352	FT911-217	827	0.029830
352	FT911-3506	828	0.029827
352	FT911-3493	829	0.029794
352	FT911-3141	830	0.029780
352	FT911-1003	831	0.029754
352	FT911-3474	832	0.029750
352	FT911-385	833	0.029701
352	FT911-335	834	0.029695
352	FT911-753	835	0.029666
352	FT911-1522	836	0.029645
352	FT911-2228	837	0.029604
352	FT911-5049	838	0.029567
352	FT911-2731	839	0.029561
352	FT911-5273	840	0.029556
352	FT911-4960	841	0.029472
352	FT911-658	842	0.029468
352	FT911-5298	843	0.029390
352	FT911-2519	844	0.029363
352	FT911-3671	845	0.029309
352	FT911-2900	846	0.029279
352	FT911-2334	847	0.029265
352	FT911-2349	848	0.029254
352	FT911-477	849	0.029231
352	FT911-4378	850	0.029203
352	FT911-5166	851	0.029197
352	FT911-1971	852	0.029155
352	FT911-139	853	0.029136
352	FT911-4829	854	0.029101
352	FT911-4541	855	0.029100
352	FT911-4415	856	0.028967
352	FT911-2218	857	0.028962
352	FT911-5241	858	0.028937
352	FT911-418	859	0.028859
352	FT911-1934	860	0.028813
352	FT911-307	861	0.028812
352	FT911-4513	862	0.028794
352	FT911-5261	863	0.028751
352	FT911-2284	864	0.028705
352	FT911-2527	865	0.028695
352	FT911-512	866	0.028688
352	FT911-3726	867	0.028677
352	FT911-4624	868	0.028652
352	FT911-1218	869	0.028642
352	FT911-4163	870	0.028625
352	FT911-2648	871	0.028613
352	FT911-4048	872	0.028591
352	FT911-1614	873	0.028588
352	FT911-1633	874	0.028583
352	FT911-504	875	0.028546
352	FT911-1273	876	0.028529
352	FT911-2368	877	0.028441
352	FT911-4114	878	0.028426
352	FT911-2893	879	0.028376
352	FT911-1192	880	0.028370
352	FT911-2308	881	0.028335
352	FT911-463	882	0.028329
352	FT911-3653	883	0.028271
352	FT911-2690	884	0.028264
352	FT911-4020	885	0.028190
352	FT911-872	886	0.028177
352	FT911-2446	887	0.028131
352	FT911-778	888	0.028126
352	FT911-4102	889	0.028117
352	FT911-369	890	0.028044
352	FT911-351	891	0.027973
352	FT911-3536	892	0.027951
352	FT911-3369	893	0.027936
352	FT911-14	894	0.027928
352	FT911-3134	895	0.027919
352	FT911-2653	896	0.027904
352	FT911-3691	897	0.027883
352	FT911-935	898	0.027878
352	FT911-3371	899	0.027827
352	FT911-5352	900	0.027770
352	FT911-2750	901	0.027766
352	FT911-97	902	0.027742
352	FT911-3960	903	0.027725
352	FT911-37	904	0.027691
352	FT911-4852	905	0.027666
352	FT911-875	906	0.027662
352	FT911-1378	907	0.027660
352	FT911-4258	908	0.027643
352	FT911-606	909	0.027641
352	FT911-355	910	0.027639
352	FT911-4928	911	0.027631
352	FT911-1200	912	0.027614
352	FT911-3642	913	0.027554
352	FT911-367	914	0.027499
352	FT911-1304	915	0.027430
352	FT911-2277	916	0.027383
352	FT911-2454	917	0.027368
352	FT911-2520	918	0.027348
352	FT911-21	919	0.027340
352	FT911-4386	920	0.027339
352	FT911-4016	921	0.027336
352	FT911-1373	922	0.027309
352	FT911-2602	923	0.027302
352	FT911-2641	924	0.027296
352	FT911-1225	925	0.027268
352	FT911-4351	926	0.027246
352	FT911-3232	927	0.027239
352	FT911-4737	928	0.027213
352	FT911-4182	929	0.027212
352	FT911-1437	930	0.027185
352	FT911-2721	931	0.027169
352	FT911-4589	932	0.027160
352	FT911-2853	933	0.027067
352	FT911-4029	934	0.027061
352	FT911-614	935	0.027059
352	FT911-2654	936	0.027033
352	FT911-4964	937	0.027005
352	FT911-2273	938	0.027001
352	FT911-2951	939	0.027001
352	FT911-828	940	0.026996
352	FT911-370	941	0.026942
352	FT911-255	942	0.026940
352	FT911-3385	943	0.026931
352	FT911-1695	944	0.026921
352	FT911-1042	945	0.026908
352	FT911-2518	946	0.026907
352	FT911-601	947	0.026898
352	FT911-4117	948	0.026897
352	FT911-660	949	0.026894
352	FT911-2864	950	0.026890
352	FT911-5349	951	0.026863
352	FT911-4554	952	0.026852
352	FT911-4903	953	0.026841
352	FT911-438	954	0.026816
352	FT911-3164	955	0.026804
352	FT911-2801	956	0.026771
352	FT911-5203	957	0.026672
352	FT911-3256	958	0.026642
352	FT911-619	959	0.026622
352	FT911-3510	960	0.026609
352	FT911-3152	961	0.026596
352	FT911-3783	962	0.026572
352	FT911-4205	963	0.026572
352	FT911-2834	964	0.026558
352	FT911-1593	965	0.026534
352	FT911-151	966	0.026525
352	FT911-177	967	0.026522
352	FT911-2174	968	0.026513
352	FT911-2683	969	0.026509
352	FT911-1372	970	0.026507
352	FT911-1876	971	0.026403
352	FT911-1490	972	0.026322
352	FT911-853	973	0.026295
352	FT911-3730	974	0.026269
352	FT911-3864	975	0.026188
352	FT911-4116	976	0.026178
352	FT911-3024	977	0.026143
352	FT911-4622	978	0.026136
352	FT911-1104	979	0.026060
352	FT911-655	980	0.026051
352	FT911-3273	981	0.026044
352	FT911-2125	982	0.026037
352	FT911-208	983	0.026032
352	FT911-4251	984	0.026031
352	FT911-4057	985	0.025984
352	FT911-4759	986	0.025981
352	FT911-1079	987	0.025944
352	FT911-5058	988	0.025933
352	FT911-3038	989	0.025875
352	FT911-2459	990	0.025868
352	FT911-2152	991	0.025861
352	FT911-1201	992	0.025842
352	FT911-500	993	0.025803
352	FT911-3243	994	0.025760
352	FT911-420	995	0.025744
352	FT911-2552	996	0.025723
352	FT911-2818	997	0.025707
352	FT911-1961	998	0.025690
352	FT911-1960	999	0.025683
352	FT911-2187	1000	0.025668
353	FT911-558	1	0.271850
353	FT911-122	2	0.254178
353	FT911-4348	3	0.249075
353	FT911-1769	4	0.174378
353	FT911-4151	5	0.172052
353	FT911-4349	6	0.159866
353	FT911-4261	7	0.159851
353	FT911-4931	8	0.143227
353	FT911-1562	9	0.109011
353	FT911-3206	10	0.103375
353	FT911-3327	11	0.086844
353	FT911-3209	12	0.085959
353	FT911-5024	13	0.081661
353	FT911-4919	14	0.078214
353	FT911-1263	15	0.077718
353	FT911-3129	16	0.077251
353	FT911-601	17	0.074879
353	FT911-3478	18	0.073718
353	FT911-81	19	0.073227
353	FT911-2287	20	0.073100
353	FT911-5079	21	0.069343
353	FT911-1098	22	0.068508
353	FT911-4855	23	0.066585
353	FT911-4139	24	0.060260
353	FT911-5253	25	0.059703
353	FT911-846	26	0.059566
353	FT911-4371	27	0.059092
353	FT911-348	28	0.059057
353	FT911-943	29	0.057124
353	FT911-3318	30	0.056239
353	FT911-1943	31	0.055924
353	FT911-4332	32	0.055128
353	FT911-4701	33	0.054828
353	FT911-2029	34	0.054818
353	FT911-774	35	0.054576
353	FT911-932	36	0.053555
353	FT911-4072	37	0.052552
353	FT911-1450	38	0.050699
353	FT911-5319	39	0.050615
353	FT911-547	40	0.050324
353	FT911-4802	41	0.050091
353	FT911-825	42	0.049638
353	FT911-4861	43	0.049519
353	FT911-5062	44	0.049491
353	FT911-3332	45	0.049476
353	FT911-5196	46	0.049467
353	FT911-3706	47	0.049129
353	FT911-3866	48	0.049013
353	FT911-1631	49	0.048433
353	FT911-3027	50	0.047846
353	FT911-3615	51	0.047618
353	FT911-2523	52	0.047476
353	FT911-3320	53	0.047342
353	FT911-597	54	0.047314
353	FT911-18	55	0.047255
353	FT911-3472	56	0.045798
353	FT911-4442	57	0.045734
353	FT911-3267	58	0.044704
353	FT911-4810	59	0.044177
353	FT911-5245	60	0.043801
353	FT911-1934	61	0.043398
353	FT911-5076	62	0.043163
353	FT911-3087	63	0.043118
353	FT911-3360	64	0.042891
353	FT911-2350	65	0.042619
353	FT911-870	66	0.042306
353	FT911-1349	67	0.042277
353	FT911-5001	68	0.042163
353	FT911-678	69	0.041990
353	FT911-5265	70	0.041871
353	FT911-1031	71	0.041719
353	FT911-456	72	0.041534
353	FT911-702	73	0.040836
353	FT911-1822	74	0.040733
353	FT911-4928	75	0.040274
353	FT911-2202	76	0.040123
353	FT911-3816	77	0.039844
353	FT911-1638	78	0.039751
353	FT911-2301	79	0.039676
353	FT911-2962	80	0.039640
353	FT911-2358	81	0.039585
353	FT911-1212	82	0.039400
353	FT911-3927	83	0.038945
353	FT911-4633	84	0.038691
353	FT911-606	85	0.038313
353	FT911-2235	86	0.038154
353	FT911-1627	87	0.038153
353	FT911-1083	88	0.037882
353	FT911-3934	89	0.037554
353	FT911-1890	90	0.037406
353	FT911-3623	91	0.037113
353	FT911-1611	92	0.037087
353	FT911-2140	93	0.037068
353	FT911-5167	94	0.037004
353	FT911-5190	95	0.036949
353	FT911-1520	96	0.036066
353	FT911-1196	97	0.035901
353	FT911-3067	98	0.035738
353	FT911-434	99	0.035520
353	FT911-5197	100	0.035432
353	FT911-1323	101	0.034970
353	FT911-1601	102	0.034965
353	FT911-4629	103	0.034952
353	FT911-4137	104	0.034917
353	FT911-3220	105	0.034872
353	FT911-3377	106	0.034782
353	FT911-5050	107	0.034664
353	FT911-4341	108	0.034317
353	FT911-1077	109	0.033533
353	FT911-3753	110	0.033260
353	FT911-3630	111	0.033248
353	FT911-309	112	0.032873
353	FT911-4902	113	0.032769
353	FT911-4383	114	0.032709
353	FT911-1481	115	0.032674
353	FT911-415	116	0.032416
353	FT911-2169	117	0.032205
353	FT911-4602	118	0.032197
353	FT911-1867	119	0.032010
353	FT911-2630	120	0.031943
353	FT911-2789	121	0.031892
353	FT911-3718	122	0.031881
353	FT911-150	123	0.031839
353	FT911-2654	124	0.031789
353	FT911-4174	125	0.031475
353	FT911-1329	126	0.031418
353	FT911-5042	127	0.031305
353	FT911-1124	128	0.031143
353	FT911-4494	129	0.031066
353	FT911-3405	130	0.030995
353	FT911-4782	131	0.030939
353	FT911-988	132	0.030750
353	FT911-3364	133	0.030554
353	FT911-3363	134	0.030451
353	FT911-1257	135	0.030329
353	FT911-1091	136	0.030166
353	FT911-707	137	0.030145
353	FT911-1300	138	0.030072
353	FT911-339	139	0.030064
353	FT911-2042	140	0.029549
353	FT911-753	141	0.029547
353	FT911-3892	142	0.029291
353	FT911-4578	143	0.029138
353	FT911-2701	144	0.028988
353	FT911-2490	145	0.028793
353	FT911-265	146	0.028677
353	FT911-2545	147	0.028667
353	FT911-1667	148	0.028412
353	FT911-3888	149	0.028215
353	FT911-1708	150	0.028070
353	FT911-3153	151	0.027967
353	FT911-52	152	0.027948
353	FT911-3919	153	0.027879
353	FT911-4318	154	0.027660
353	FT911-1301	155	0.027565
353	FT911-821	156	0.027486
353	FT911-5181	157	0.027455
353	FT911-4929	158	0.027428
353	FT911-826	159	0.027311
353	FT911-215	160	0.027011
353	FT911-2787	161	0.026840
353	FT911-3699	162	0.026813
353	FT911-5249	163	0.026602
353	FT911-3121	164	0.026568
353	FT911-2332	165	0.026527
353	FT911-2049	166	0.026505
353	FT911-1256	167	0.026340
353	FT911-1389	168	0.026245
353	FT911-4009	169	0.026207
353	FT911-2994	170	0.026153
353	FT911-1944	171	0.026057
353	FT911-3772	172	0.025955
353	FT911-4363	173	0.025887
353	FT911-2272	174	0.025769
353	FT911-3140	175	0.025715
353	FT911-645	176	0.025607
353	FT911-888	177	0.025586
353	FT911-1632	178	0.025524
353	FT911-4165	179	0.025361
353	FT911-206	180	0.025267
353	FT911-4075	181	0.024965
353	FT911-4239	182	0.024916
353	FT911-4755	183	0.024703
353	FT911-5356	184	0.024567
353	FT911-1306	185	0.024548
353	FT911-4090	186	0.024409
353	FT911-4004	187	0.024379
353	FT911-1375	188	0.024349
353	FT911-630	189	0.024327
353	FT911-2160	190	0.024316
353	FT911-3445	191	0.024255
353	FT911-375	192	0.024244
353	FT911-2591	193	0.024172
353	FT911-1480	194	0.024115
353	FT911-1355	195	0.024102
353	FT911-4740	196	0.023999
353	FT911-4723	197	0.023978
353	FT911-2979	198	0.023895
353	FT911-1181	199	0.023871
353	FT911-4467	200	0.023598
353	FT911-2561	201	0.023520
353	FT911-294	202	0.023507
353	FT911-706	203	0.023460
353	FT911-3300	204	0.023315
353	FT911-2064	205	0.023280
353	FT911-1957	206	0.023208
353	FT911-310	207	0.023152
353	FT911-530	208	0.023067
353	FT911-543	209	0.023005
353	FT911-4428	210	0.022974
353	FT911-2989	211	0.022971
353	FT911-2142	212	0.022880
353	FT911-446	213	0.022773
353	FT911-1855	214	0.022759
353	FT911-2233	215	0.022532
353	FT911-4963	216	0.022522
353	FT911-4600	217	0.022479
353	FT911-3	218	0.022405
353	FT911-1254	219	0.022305
353	FT911-1109	220	0.022291
353	FT911-673	221	0.022266
353	FT911-2826	222	0.022185
353	FT911-4971	223	0.022143
353	FT911-1860	224	0.022113
353	FT911-986	225	0.022058
353	FT911-2446	226	0.022011
353	FT911-4395	227	0.021709
353	FT911-2520	228	0.021670
353	FT911-3928	229	0.021650
353	FT911-354	230	0.021591
353	FT911-3356	231	0.021444
353	FT911-1473	232	0.021419
353	FT911-3270	233	0.021256
353	FT911-1089	234	0.021159
353	FT911-4515	235	0.020983
353	FT911-5058	236	0.020859
353	FT911-2416	237	0.020844
353	FT911-1259	238	0.020726
353	FT911-269	239	0.020636
353	FT911-3757	240	0.020574
353	FT911-4875	241	0.020492
353	FT911-1700	242	0.020489
353	FT911-4840	243	0.020445
353	FT911-889	244	0.020415
353	FT911-2552	245	0.020383
353	FT911-5187	246	0.020336
353	FT911-3358	247	0.020332
353	FT911-900	248	0.020329
353	FT911-505	249	0.020219
353	FT911-1107	250	0.020115
353	FT911-5341	251	0.020093
353	FT911-2687	252	0.020074
353	FT911-2557	253	0.020000
353	FT911-4683	254	0.019976
353	FT911-3868	255	0.019932
353	FT911-1247	256	0.019824
353	FT911-3112	257	0.019817
353	FT911-2279	258	0.019625
353	FT911-1617	259	0.019583
353	FT911-842	260	0.019504
353	FT911-2050	261	0.019260
353	FT911-4015	262	0.019244
353	FT911-4742	263	0.019227
353	FT911-1281	264	0.019221
353	FT911-2673	265	0.019133
353	FT911-2117	266	0.019050
353	FT911-2951	267	0.018992
353	FT911-2177	268	0.018944
353	FT911-2768	269	0.018929
353	FT911-3406	270	0.018906
353	FT911-3908	271	0.018869
353	FT911-169	272	0.018706
353	FT911-862	273	0.018688
353	FT911-2018	274	0.018636
353	FT911-4513	275	0.018590
353	FT911-4176	276	0.018528
353	FT911-276	277	0.018513
353	FT911-1296	278	0.018509
353	FT911-2706	279	0.018400
353	FT911-4184	280	0.018372
353	FT911-1843	281	0.018327
353	FT911-3411	282	0.018326
353	FT911-1952	283	0.018281
353	FT911-2662	284	0.018259
353	FT911-3716	285	0.018245
353	FT911-4089	286	0.018242
353	FT911-4643	287	0.018134
353	FT911-3640	288	0.018082
353	FT911-2711	289	0.018053
353	FT911-4764	290	0.018004
353	FT911-2868	291	0.017984
353	FT911-3421	292	0.017970
353	FT911-1297	293	0.017888
353	FT911-1087	294	0.017848
353	FT911-1205	295	0.017845
353	FT911-2581	296	0.017829
353	FT911-2082	297	0.017812
353	FT911-1516	298	0.017802
353	FT911-4991	299	0.017788
353	FT911-3408	300	0.017757
353	FT911-3925	301	0.017661
353	FT911-4500	302	0.017479
353	FT911-467	303	0.017474
353	FT911-3536	304	0.017467
353	FT911-262	305	0.017331
353	FT911-1398	306	0.017210
353	FT911-463	307	0.017105
353	FT911-4088	308	0.017086
353	FT911-4750	309	0.017083
353	FT911-1720	310	0.016954
353	FT911-780	311	0.016920
353	FT911-1427	312	0.016900
353	FT911-3961	313	0.016881
353	FT911-1006	314	0.016876
353	FT911-3232	315	0.016837
353	FT911-428	316	0.016729
353	FT911-3978	317	0.016722
353	FT911-1402	318	0.016718
353	FT911-1521	319	0.016661
353	FT911-383	320	0.016527
353	FT911-1207	321	0.016517
353	FT911-3389	322	0.016515
353	FT911-2266	323	0.016410
353	FT911-2717	324	0.016409
353	FT911-3834	325	0.016408
353	FT911-2865	326	0.016388
353	FT911-984	327	0.016385
353	FT911-382	328	0.016317
353	FT911-2991	329	0.016282
353	FT911-2456	330	0.016215
353	FT911-2998	331	0.016210
353	FT911-2799	332	0.016156
353	FT911-2615	333	0.016105
353	FT911-1773	334	0.016104
353	FT911-2689	335	0.016047
353	FT911-1307	336	0.016032
353	FT911-1232	337	0.016009
353	FT911-1111	338	0.015963
353	FT911-3988	339	0.015896
353	FT911-5330	340	0.015839
353	FT911-2319	341	0.015834
353	FT911-1200	342	0.015828
353	FT911-5358	343	0.015787
353	FT911-804	344	0.015786
353	FT911-200	345	0.015779
353	FT911-1494	346	0.015747
353	FT911-4646	347	0.015734
353	FT911-5188	348	0.015732
353	FT911-2106	349	0.015718
353	FT911-868	350	0.015717
353	FT911-1379	351	0.015696
353	FT911-2716	352	0.015687
353	FT911-4233	353	0.015669
353	FT911-521	354	0.015652
353	FT911-4735	355	0.015595
353	FT911-3654	356	0.015565
353	FT911-3878	357	0.015505
353	FT911-1826	358	0.015475
353	FT911-478	359	0.015463
353	FT911-5295	360	0.015379
353	FT911-3998	361	0.015368
353	FT911-2509	362	0.015349
353	FT911-1526	363	0.015306
353	FT911-4207	364	0.015243
353	FT911-2485	365	0.015239
353	FT911-3011	366	0.015238
353	FT911-1415	367	0.015234
353	FT911-5103	368	0.015173
353	FT911-2048	369	0.015131
353	FT911-806	370	0.015068
353	FT911-207	371	0.015034
353	FT911-2151	372	0.015003
353	FT911-1042	373	0.015003
353	FT911-1800	374	0.014946
353	FT911-2371	375	0.014882
353	FT911-548	376	0.014866
353	FT911-3340	377	0.014832
353	FT911-5017	378	0.014801
353	FT911-2793	379	0.014797
353	FT911-2690	380	0.014795
353	FT911-2274	381	0.014780
353	FT911-4585	382	0.014777
353	FT911-769	383	0.014749
353	FT911-4194	384	0.014724
353	FT911-3039	385	0.014722
353	FT911-556	386	0.014659
353	FT911-2473	387	0.014640
353	FT911-5146	388	0.014603
353	FT911-4053	389	0.014503
353	FT911-4196	390	0.014463
353	FT911-4986	391	0.014418
353	FT911-4743	392	0.014381
353	FT911-109	393	0.014365
353	FT911-1678	394	0.014310
353	FT911-2430	395	0.014291
353	FT911-5350	396	0.014266
353	FT911-4277	397	0.014249
353	FT911-4058	398	0.014231
353	FT911-3974	399	0.014225
353	FT911-3125	400	0.014222
353	FT911-1699	401	0.014191
353	FT911-1190	402	0.014190
353	FT911-2929	403	0.014182
353	FT911-855	404	0.014103
353	FT911-3517	405	0.014079
353	FT911-755	406	0.014067
353	FT911-3257	407	0.014016
353	FT911-3400	408	0.013968
353	FT911-1308	409	0.013968
353	FT911-2126	410	0.013962
353	FT911-761	411	0.013944
353	FT911-1546	412	0.013875
353	FT911-1745	413	0.013865
353	FT911-216	414	0.013860
353	FT911-5162	415	0.013843
353	FT911-3531	416	0.013835
353	FT911-5057	417	0.013830
353	FT911-4911	418	0.013783
353	FT911-4076	419	0.013763
353	FT911-3523	420	0.013762
353	FT911-3113	421	0.013757
353	FT911-4010	422	0.013755
353	FT911-3334	423	0.013749
353	FT911-66	424	0.013746
353	FT911-287	425	0.013669
353	FT911-493	426	0.013656
353	FT911-3341	427	0.013611
353	FT911-284	428	0.013598
353	FT911-3492	429	0.013583
353	FT911-3187	430	0.013572
353	FT911-535	431	0.013543
353	FT911-4312	432	0.013448
353	FT911-1989	433	0.013409
353	FT911-3793	434	0.013356
353	FT911-1545	435	0.013346
353	FT911-4626	436	0.013328
353	FT911-4579	437	0.013317
353	FT911-461	438	0.013299
353	FT911-4027	439	0.013296
353	FT911-1344	440	0.013166
353	FT911-667	441	0.013162
353	FT911-4795	442	0.013130
353	FT911-141	443	0.013095
353	FT911-2401	444	0.013091
353	FT911-1316	445	0.013055
353	FT911-5150	446	0.013033
353	FT911-1492	447	0.012998
353	FT911-2036	448	0.012945
353	FT911-3422	449	0.012918
353	FT911-1971	450	0.012891
353	FT911-4016	451	0.012842
353	FT911-4645	452	0.012838
353	FT911-496	453	0.012827
353	FT911-256	454	0.012794
353	FT911-4603	455	0.012781
353	FT911-517	456	0.012716
353	FT911-3351	457	0.012693
353	FT911-2462	458	0.012668
353	FT911-827	459	0.012662
353	FT911-1382	460	0.012636
353	FT911-4026	461	0.012623
353	FT911-4424	462	0.012576
353	FT911-4903	463	0.012561
353	FT911-2915	464	0.012496
353	FT911-5117	465	0.012481
353	FT911-4360	466	0.012452
353	FT911-2692	467	0.012433
353	FT911-4523	468	0.012426
353	FT911-850	469	0.012420
353	FT911-2797	470	0.012407
353	FT911-5144	471	0.012406
353	FT911-1805	472	0.012405
353	FT911-4240	473	0.012381
353	FT911-2936	474	0.012365
353	FT911-2345	475	0.012363
353	FT911-1650	476	0.012348
353	FT911-90	477	0.012338
353	FT911-4434	478	0.012320
353	FT911-241	479	0.012268
353	FT911-197	480	0.012262
353	FT911-4188	481	0.012260
353	FT911-4765	482	0.012197
353	FT911-3643	483	0.012177
353	FT911-3079	484	0.012147
353	FT911-3375	485	0.012145
353	FT911-1584	486	0.012037
353	FT911-1585	487	0.012029
353	FT911-492	488	0.011925
353	FT911-433	489	0.011905
353	FT911-4788	490	0.011902
353	FT911-2619	491	0.011893
353	FT911-681	492	0.011888
353	FT911-1710	493	0.011838
353	FT911-3533	494	0.011819
353	FT911-135	495	0.011811
353	FT911-2219	496	0.011796
353	FT911-4073	497	0.011767
353	FT911-1486	498	0.011686
353	FT911-4748	499	0.011633
353	FT911-3366	500	0.011622
353	FT911-2546	501	0.011586
353	FT911-1956	502	0.011573
353	FT911-4984	503	0.011505
353	FT911-2694	504	0.011465
353	FT911-1563	505	0.011452
353	FT911-4615	506	0.011434
353	FT911-374	507	0.011404
353	FT911-5337	508	0.011357
353	FT911-2277	509	0.011332
353	FT911-4245	510	0.011332
353	FT911-4192	511	0.011329
353	FT911-1953	512	0.011275
353	FT911-4938	513	0.011254
353	FT911-584	514	0.011208
353	FT911-4011	515	0.011201
353	FT911-2246	516	0.011154
353	FT911-4719	517	0.011046
353	FT911-4922	518	0.011037
353	FT911-308	519	0.011025
353	FT911-2017	520	0.011014
353	FT911-4935	521	0.010983
353	FT911-3299	522	0.010981
353	FT911-600	523	0.010947
353	FT911-3915	524	0.010921
353	FT911-4674	525	0.010907
353	FT911-2424	526	0.010903
353	FT911-4904	527	0.010871
353	FT911-1354	528	0.010857
353	FT911-2102	529	0.010844
353	FT911-1620	530	0.010837
353	FT911-132	531	0.010834
353	FT911-1371	532	0.010831
353	FT911-4516	533	0.010827
353	FT911-3217	534	0.010819
353	FT911-1915	535	0.010811
353	FT911-134	536	0.010807
353	FT911-4254	537	0.010803
353	FT911-1187	538	0.010792
353	FT911-4753	539	0.010791
353	FT911-2016	540	0.010762
353	FT911-4913	541	0.010729
353	FT911-4214	542	0.010724
353	FT911-4204	543	0.010713
353	FT911-5023	544	0.010687
353	FT911-5336	545	0.010672
353	FT911-3912	546	0.010667
353	FT911-4642	547	0.010650
353	FT911-3603	548	0.010650
353	FT911-840	549	0.010623
353	FT911-2636	550	0.010606
353	FT911-1528	551	0.010605
353	FT911-1569	552	0.010593
353	FT911-5221	553	0.010581
353	FT911-476	554	0.010527
353	FT911-2621	555	0.010523
353	FT911-5298	556	0.010514
353	FT911-3667	557	0.010496
353	FT911-3044	558	0.010490
353	FT911-2455	559	0.010487
353	FT911-3165	560	0.010445
353	FT911-710	561	0.010437
353	FT911-131	562	0.010421
353	FT911-5296	563	0.010398
353	FT911-4179	564	0.010392
353	FT911-1586	565	0.010381
353	FT911-4617	566	0.010372
353	FT911-1432	567	0.010321
353	FT911-5077	568	0.010298
353	FT911-5104	569	0.010292
353	FT911-3148	570	0.010288
353	FT911-636	571	0.010288
353	FT911-3830	572	0.010269
353	FT911-3480	573	0.010244
353	FT911-3183	574	0.010208
353	FT911-1648	575	0.010185
353	FT911-3290	576	0.010182
353	FT911-2535	577	0.010179
353	FT911-2267	578	0.010178
353	FT911-4237	579	0.010141
353	FT911-1222	580	0.010140
353	FT911-4684	581	0.010112
353	FT911-4517	582	0.010078
353	FT911-555	583	0.010075
353	FT911-4757	584	0.010074
353	FT911-1121	585	0.010071
353	FT911-4182	586	0.010060
353	FT911-1339	587	0.010027
353	FT911-1723	588	0.010026
353	FT911-2723	589	0.010000
353	FT911-4102	590	0.009975
353	FT911-3923	591	0.009970
353	FT911-1549	592	0.009944
353	FT911-4624	593	0.009933
353	FT911-4018	594	0.009883
353	FT911-2883	595	0.009872
353	FT911-3487	596	0.009865
353	FT911-5157	597	0.009839
353	FT911-2061	598	0.009814
353	FT911-2333	599	0.009782
353	FT911-140	600	0.009723
353	FT911-4458	601	0.009658
353	FT911-936	602	0.009638
353	FT911-1062	603	0.009598
353	FT911-2889	604	0.009598
353	FT911-1189	605	0.009584
353	FT911-334	606	0.009564
353	FT911-3909	607	0.009549
353	FT911-1671	608	0.009510
353	FT911-1524	609	0.009503
353	FT911-1832	610	0.009492
353	FT911-3723	611	0.009448
353	FT911-1347	612	0.009443
353	FT911-4969	613	0.009423
353	FT911-118	614	0.009415
353	FT911-718	615	0.009346
353	FT911-2145	616	0.009333
353	FT911-1228	617	0.009318
353	FT911-1231	618	0.009315
353	FT911-1795	619	0.009308
353	FT911-2486	620	0.009292
353	FT911-4141	621	0.009273
353	FT911-4310	622	0.009267
353	FT911-2681	623	0.009257
353	FT911-2477	624	0.009244
353	FT911-359	625	0.009233
353	FT911-5214	626	0.009216
353	FT911-1552	627	0.009194
353	FT911-4594	628	0.009185
353	FT911-3804	629	0.009175
353	FT911-1649	630	0.009173
353	FT911-1869	631	0.009158
353	FT911-3917	632	0.009147
353	FT911-1511	633	0.009146
353	FT911-3337	634	0.009131
353	FT911-3419	635	0.009095
353	FT911-2114	636	0.009090
353	FT911-2458	637	0.009045
353	FT911-3442	638	0.009014
353	FT911-3464	639	0.008992
353	FT911-2622	640	0.008970
353	FT911-1829	641	0.008957
353	FT911-3308	642	0.008953
353	FT911-4550	643	0.008946
353	FT911-2013	644	0.008904
353	FT911-4164	645	0.008890
353	FT911-2218	646	0.008886
353	FT911-4950	647	0.008886
353	FT911-807	648	0.008883
353	FT911-3141	649	0.008868
353	FT911-3321	650	0.008793
353	FT911-2554	651	0.008792
353	FT911-1725	652	0.008791
353	FT911-732	653	0.008777
353	FT911-3957	654	0.008770
353	FT911-544	655	0.008719
353	FT911-3812	656	0.008719
353	FT911-2829	657	0.008710
353	FT911-2643	658	0.008704
353	FT911-1276	659	0.008679
353	FT911-3470	660	0.008671
353	FT911-2903	661	0.008668
353	FT911-3437	662	0.008653
353	FT911-3062	663	0.008637
353	FT911-4666	664	0.008612
353	FT911-3786	665	0.008604
353	FT911-2648	666	0.008591
353	FT911-2351	667	0.008589
353	FT911-2888	668	0.008587
353	FT911-4733	669	0.008564
353	FT911-3790	670	0.008550
353	FT911-3238	671	0.008537
353	FT911-2714	672	0.008506
353	FT911-1423	673	0.008504
353	FT911-4178	674	0.008503
353	FT911-280	675	0.008501
353	FT911-3084	676	0.008496
353	FT911-3118	677	0.008492
353	FT911-5040	678	0.008475
353	FT911-4531	679	0.008474
353	FT911-2794	680	0.008445
353	FT911-2901	681	0.008428
353	FT911-5177	682	0.008407
353	FT911-657	683	0.008398
353	FT911-3446	684	0.008333
353	FT911-4404	685	0.008328
353	FT911-3960	686	0.008325
353	FT911-4095	687	0.008316
353	FT911-2276	688	0.008292
353	FT911-3602	689	0.008254
353	FT911-2014	690	0.008246
353	FT911-1556	691	0.008242
353	FT911-616	692	0.008241
353	FT911-1461	693	0.008231
353	FT911-922	694	0.008229
353	FT911-4219	695	0.008219
353	FT911-754	696	0.008201
353	FT911-3105	697	0.008200
353	FT911-3853	698	0.008199
353	FT911-4721	699	0.008188
353	FT911-3304	700	0.008182
353	FT911-1998	701	0.008182
353	FT911-4012	702	0.008177
353	FT911-479	703	0.008171
353	FT911-4067	704	0.008151
353	FT911-1140	705	0.008149
353	FT911-3507	706	0.008146
353	FT911-55	707	0.008134
353	FT911-4685	708	0.008127
353	FT911-1418	709	0.008121
353	FT911-3664	710	0.008071
353	FT911-3570	711	0.008056
353	FT911-437	712	0.008037
353	FT911-5247	713	0.008010
353	FT911-3287	714	0.008004
353	FT911-923	715	0.007996
353	FT911-504	716	0.007995
353	FT911-3152	717	0.007985
353	FT911-2697	718	0.007984
353	FT911-603	719	0.007968
353	FT911-4448	720	0.007967
353	FT911-1199	721	0.007966
353	FT911-831	722	0.007963
353	FT911-2488	723	0.007945
353	FT911-2667	724	0.007934
353	FT911-526	725	0.007930
353	FT911-2548	726	0.007910
353	FT911-2356	727	0.007902
353	FT911-5082	728	0.007878
353	FT911-928	729	0.007865
353	FT911-4035	730	0.007863
353	FT911-1096	731	0.007861
353	FT911-2544	732	0.007855
353	FT911-626	733	0.007815
353	FT911-5314	734	0.007792
353	FT911-3952	735	0.007785
353	FT911-1987	736	0.007779
353	FT911-3331	737	0.007773
353	FT911-1302	738	0.007772
353	FT911-3789	739	0.007771
353	FT911-4866	740	0.007758
353	FT911-996	741	0.007740
353	FT911-254	742	0.007722
353	FT911-3040	743	0.007721
353	FT911-4741	744	0.007719
353	FT911-2813	745	0.007708
353	FT911-248	746	0.007703
353	FT911-23	747	0.007701
353	FT911-1645	748	0.007700
353	FT911-1664	749	0.007686
353	FT911-3390	750	0.007620
353	FT911-3138	751	0.007612
353	FT911-2051	752	0.007603
353	FT911-1169	753	0.007602
353	FT911-1893	754	0.007599
353	FT911-1509	755	0.007586
353	FT911-1179	756	0.007574
353	FT911-3114	757	0.007573
353	FT911-4198	758	0.007568
353	FT911-793	759	0.007567
353	FT911-3219	760	0.007565
353	FT911-5323	761	0.007553
353	FT911-1243	762	0.007540
353	FT911-4851	763	0.007533
353	FT911-1881	764	0.007530
353	FT911-545	765	0.007526
353	FT911-5114	766	0.007510
353	FT911-1948	767	0.007499
353	FT911-1973	768	0.007481
353	FT911-3028	769	0.007480
353	FT911-4796	770	0.007476
353	FT911-3563	771	0.007451
353	FT911-4399	772	0.007449
353	FT911-5030	773	0.007432
353	FT911-1285	774	0.007410
353	FT911-420	775	0.007404
353	FT911-3571	776	0.007398
353	FT911-2010	777	0.007389
353	FT911-1534	778	0.007388
353	FT911-126	779	0.007340
353	FT911-3857	780	0.007334
353	FT911-1246	781	0.007318
353	FT911-3574	782	0.007316
353	FT911-628	783	0.007309
353	FT911-4014	784	0.007307
353	FT911-4406	785	0.007304
353	FT911-4909	786	0.007299
353	FT911-3258	787	0.007298
353	FT911-390	788	0.007261
353	FT911-4835	789	0.007258
353	FT911-627	790	0.007251
353	FT911-1409	791	0.007250
353	FT911-729	792	0.007220
353	FT911-4400	793	0.007209
353	FT911-2555	794	0.007175
353	FT911-3441	795	0.007162
353	FT911-94	796	0.007154
353	FT911-2192	797	0.007154
353	FT911-3379	798	0.007144
353	FT911-2030	799	0.007130
353	FT911-3773	800	0.007096
353	FT911-1080	801	0.007091
353	FT911-1159	802	0.007090
353	FT911-4293	803	0.007083
353	FT911-3006	804	0.007082
353	FT911-934	805	0.007082
353	FT911-1839	806	0.007070
353	FT911-3806	807	0.007054
353	FT911-3606	808	0.007042
353	FT911-261	809	0.007036
353	FT911-3805	810	0.007035
353	FT911-3189	811	0.007034
353	FT911-533	812	0.007001
353	FT911-3461	813	0.006985
353	FT911-2549	814	0.006975
353	FT911-187	815	0.006961
353	FT911-3607	816	0.006954
353	FT911-3902	817	0.006952
353	FT911-3345	818	0.006945
353	FT911-1086	819	0.006930
353	FT911-3262	820	0.006905
353	FT911-4599	821	0.006904
353	FT911-680	822	0.006901
353	FT911-1930	823	0.006899
353	FT911-4747	824	0.006896
353	FT911-5205	825	0.006895
353	FT911-2539	826	0.006890
353	FT911-5200	827	0.006886
353	FT911-40	828	0.006886
353	FT911-1858	829	0.006876
353	FT911-4797	830	0.006859
353	FT911-2244	831	0.006838
353	FT911-1653	832	0.006836
353	FT911-2858	833	0.006823
353	FT911-654	834	0.006821
353	FT911-3922	835	0.006816
353	FT911-3838	836	0.006803
353	FT911-800	837	0.006795
353	FT911-2553	838	0.006793
353	FT911-30	839	0.006785
353	FT911-2060	840	0.006783
353	FT911-3261	841	0.006772
353	FT911-640	842	0.006768
353	FT911-4263	843	0.006767
353	FT911-4863	844	0.006766
353	FT911-2715	845	0.006711
353	FT911-1035	846	0.006703
353	FT911-1252	847	0.006699
353	FT911-3825	848	0.006673
353	FT911-3600	849	0.006668
353	FT911-1152	850	0.006664
353	FT911-5236	851	0.006658
353	FT911-3622	852	0.006652
353	FT911-2719	853	0.006652
353	FT911-1637	854	0.006650
353	FT911-4451	855	0.006647
353	FT911-2449	856	0.006646
353	FT911-4401	857	0.006642
353	FT911-198	858	0.006641
353	FT911-4830	859	0.006634
353	FT911-1122	860	0.006632
353	FT911-1999	861	0.006614
353	FT911-3503	862	0.006602
353	FT911-3985	863	0.006597
353	FT911-2189	864	0.006594
353	FT911-4897	865	0.006584
353	FT911-4278	866	0.006584
353	FT911-3890	867	0.006582
353	FT911-3534	868	0.006576
353	FT911-3215	869	0.006563
353	FT911-3598	870	0.006563
353	FT911-5005	871	0.006561
353	FT911-3844	872	0.006558
353	FT911-3828	873	0.006555
353	FT911-1280	874	0.006548
353	FT911-2513	875	0.006511
353	FT911-848	876	0.006505
353	FT911-2032	877	0.006474
353	FT911-1541	878	0.006462
353	FT911-2828	879	0.006460
353	FT911-129	880	0.006448
353	FT911-5124	881	0.006443
353	FT911-5238	882	0.006433
353	FT911-4505	883	0.006415
353	FT911-2626	884	0.006413
353	FT911-3463	885	0.006397
353	FT911-1994	886	0.006395
353	FT911-3336	887	0.006386
353	FT911-1750	888	0.006364
353	FT911-3444	889	0.006363
353	FT911-1501	890	0.006358
353	FT911-2600	891	0.006355
353	FT911-3116	892	0.006351
353	FT911-3443	893	0.006340
353	FT911-252	894	0.006336
353	FT911-4030	895	0.006318
353	FT911-4862	896	0.006313
353	FT911-4652	897	0.006284
353	FT911-4211	898	0.006283
353	FT911-2675	899	0.006267
353	FT911-3012	900	0.006250
353	FT911-5161	901	0.006249
353	FT911-4923	902	0.006246
353	FT911-3585	903	0.006245
353	FT911-2000	904	0.006242
353	FT911-912	905	0.006233
353	FT911-2833	906	0.006212
353	FT911-314	907	0.006203
353	FT911-4828	908	0.006180
353	FT911-2652	909	0.006172
353	FT911-2302	910	0.006152
353	FT911-3439	911	0.006151
353	FT911-773	912	0.006146
353	FT911-3800	913	0.006145
353	FT911-1625	914	0.006140
353	FT911-4532	915	0.006138
353	FT911-1429	916	0.006134
353	FT911-199	917	0.006110
353	FT911-1729	918	0.006109
353	FT911-165	919	0.006088
353	FT911-3289	920	0.006083
353	FT911-3693	921	0.006080
353	FT911-3458	922	0.006074
353	FT911-1831	923	0.006072
353	FT911-336	924	0.006072
353	FT911-4839	925	0.006061
353	FT911-1573	926	0.006058
353	FT911-4981	927	0.006050
353	FT911-4402	928	0.006043
353	FT911-910	929	0.006026
353	FT911-1019	930	0.006002
353	FT911-2618	931	0.005999
353	FT911-1694	932	0.005978
353	FT911-3713	933	0.005977
353	FT911-1724	934	0.005977
353	FT911-2197	935	0.005969
353	FT911-1753	936	0.005965
353	FT911-3460	937	0.005965
353	FT911-1317	938	0.005933
353	FT911-510	939	0.005918
353	FT911-760	940	0.005912
353	FT911-4803	941	0.005887
353	FT911-1555	942	0.005832
353	FT911-738	943	0.005830
353	FT911-2772	944	0.005813
353	FT911-3504	945	0.005806
353	FT911-1726	946	0.005797
353	FT911-1929	947	0.005787
353	FT911-1531	948	0.005786
353	FT911-803	949	0.005761
353	FT911-3549	950	0.005755
353	FT911-1312	951	0.005731
353	FT911-4359	952	0.005719
353	FT911-3655	953	0.005701
353	FT911-2534	954	0.005696
353	FT911-3776	955	0.005695
353	FT911-188	956	0.005693
353	FT911-4340	957	0.005692
353	FT911-4675	958	0.005669
353	FT911-3858	959	0.005654
353	FT911-5276	960	0.005648
353	FT911-2999	961	0.005644
353	FT911-379	962	0.005640
353	FT911-2968	963	0.005622
353	FT911-1153	964	0.005618
353	FT911-5178	965	0.005600
353	FT911-2384	966	0.005588
353	FT911-4264	967	0.005583
353	FT911-2034	968	0.005572
353	FT911-2068	969	0.005547
353	FT911-3669	970	0.005539
353	FT911-3965	971	0.005512
353	FT911-2035	972	0.005509
353	FT911-19	973	0.005464
353	FT911-4372	974	0.005457
353	FT911-797	975	0.005453
353	FT911-305	976	0.005448
353	FT911-3449	977	0.005398
353	FT911-2217	978	0.005397
353	FT911-4024	979	0.005396
353	FT911-1436	980	0.005393
353	FT911-2624	981	0.005373
353	FT911-2712	982	0.005366
353	FT911-1356	983	0.005357
353	FT911-1314	984	0.005347
353	FT911-2983	985	0.005316
353	FT911-1242	986	0.005312
353	FT911-3565	987	0.005308
353	FT911-450	988	0.005287
353	FT911-3870	989	0.005284
353	FT911-4066	990	0.005254
353	FT911-2388	991	0.005235
353	FT911-1714	992	0.005206
353	FT911-1771	993	0.005202
353	FT911-3303	994	0.005197
353	FT911-2835	995	0.005194
353	FT911-776	996	0.005193
353	FT911-417	997	0.005182
353	FT911-3159	998	0.005171
353	FT911-483	999	0.005169
353	FT911-2087	1000	0.005164
354	FT911-4783	1	0.331753
354	FT911-1705	2	0.250335
354	FT911-4080	3	0.203961
354	FT911-1588	4	0.200124
354	FT911-3514	5	0.163878
354	FT911-885	6	0.152847
354	FT911-1900	7	0.140838
354	FT911-1293	8	0.136765
354	FT911-2977	9	0.125981
354	FT911-563	10	0.123171
354	FT911-4804	11	0.122766
354	FT911-1585	12	0.118526
354	FT911-1288	13	0.116375
354	FT911-1702	14	0.113787
354	FT911-5229	15	0.106711
354	FT911-4633	16	0.105862
354	FT911-5224	17	0.101503
354	FT911-2786	18	0.096701
354	FT911-115	19	0.096665
354	FT911-1374	20	0.094318
354	FT911-5245	21	0.092449
354	FT911-213	22	0.090667
354	FT911-429	23	0.088522
354	FT911-318	24	0.088011
354	FT911-5046	25	0.085347
354	FT911-4530	26	0.081969
354	FT911-4740	27	0.081234
354	FT911-905	28	0.078883
354	FT911-230	29	0.078871
354	FT911-1704	30	0.077406
354	FT911-4755	31	0.076373
354	FT911-3675	32	0.076161
354	FT911-4650	33	0.075697
354	FT911-5207	34	0.073330
354	FT911-10	35	0.072305
354	FT911-232	36	0.072114
354	FT911-3733	37	0.072009
354	FT911-2618	38	0.071684
354	FT911-7	39	0.070757
354	FT911-989	40	0.070556
354	FT911-3494	41	0.069562
354	FT911-2646	42	0.068917
354	FT911-1949	43	0.068752
354	FT911-4603	44	0.066675
354	FT911-460	45	0.066282
354	FT911-2994	46	0.065399
354	FT911-2079	47	0.065273
354	FT911-1128	48	0.065151
354	FT911-4757	49	0.065143
354	FT911-2416	50	0.065073
354	FT911-862	51	0.063547
354	FT911-276	52	0.063330
354	FT911-4655	53	0.063018
354	FT911-1050	54	0.062582
354	FT911-5214	55	0.062044
354	FT911-1936	56	0.061985
354	FT911-5265	57	0.061945
354	FT911-2912	58	0.061786
354	FT911-1235	59	0.061698
354	FT911-3537	60	0.061654
354	FT911-4344	61	0.061587
354	FT911-3555	62	0.061569
354	FT911-4021	63	0.061449
354	FT911-5289	64	0.061293
354	FT911-1668	65	0.061245
354	FT911-1454	66	0.060873
354	FT911-2989	67	0.060158
354	FT911-693	68	0.059925
354	FT911-362	69	0.059727
354	FT911-477	70	0.059087
354	FT911-2436	71	0.058731
354	FT911-2305	72	0.058508
354	FT911-879	73	0.057884
354	FT911-198	74	0.057837
354	FT911-4643	75	0.057563
354	FT911-2680	76	0.057458
354	FT911-1199	77	0.057390
354	FT911-2711	78	0.057353
354	FT911-393	79	0.057186
354	FT911-520	80	0.055648
354	FT911-4272	81	0.055579
354	FT911-4649	82	0.055206
354	FT911-2712	83	0.055054
354	FT911-611	84	0.054799
354	FT911-2987	85	0.054589
354	FT911-2256	86	0.054390
354	FT911-4358	87	0.054240
354	FT911-1085	88	0.054240
354	FT911-4065	89	0.054081
354	FT911-2159	90	0.053923
354	FT911-3364	91	0.053425
354	FT911-195	92	0.053357
354	FT911-501	93	0.053079
354	FT911-2161	94	0.052925
354	FT911-4125	95	0.052421
354	FT911-5054	96	0.051573
354	FT911-2997	97	0.051500
354	FT911-2216	98	0.051449
354	FT911-4312	99	0.051357
354	FT911-503	100	0.051279
354	FT911-1523	101	0.051155
354	FT911-2300	102	0.050985
354	FT911-3607	103	0.050411
354	FT911-3407	104	0.050089
354	FT911-3104	105	0.050000
354	FT911-4311	106	0.049715
354	FT911-3165	107	0.049574
354	FT911-3658	108	0.049138
354	FT911-1297	109	0.049014
354	FT911-1259	110	0.048964
354	FT911-1958	111	0.048931
354	FT911-4076	112	0.048693
354	FT911-5304	113	0.048632
354	FT911-1316	114	0.048529
354	FT911-3404	115	0.048490
354	FT911-4561	116	0.048405
354	FT911-4277	117	0.048114
354	FT911-3372	118	0.048070
354	FT911-3436	119	0.047972
354	FT911-2299	120	0.047940
354	FT911-1869	121	0.047778
354	FT911-3627	122	0.047724
354	FT911-5101	123	0.047250
354	FT911-652	124	0.046955
354	FT911-1436	125	0.046850
354	FT911-1587	126	0.046844
354	FT911-3576	127	0.046803
354	FT911-4653	128	0.046765
354	FT911-4553	129	0.046637
354	FT911-3661	130	0.046542
354	FT911-4571	131	0.045729
354	FT911-4114	132	0.045610
354	FT911-3894	133	0.045597
354	FT911-336	134	0.045595
354	FT911-4907	135	0.045591
354	FT911-3988	136	0.045419
354	FT911-418	137	0.045331
354	FT911-753	138	0.045143
354	FT911-4200	139	0.045129
354	FT911-3446	140	0.045068
354	FT911-3018	141	0.044968
354	FT911-2264	142	0.044966
354	FT911-934	143	0.044787
354	FT911-1281	144	0.044595
354	FT911-2992	145	0.044515
354	FT911-4640	146	0.044467
354	FT911-1568	147	0.043959
354	FT911-3641	148	0.043921
354	FT911-1595	149	0.043534
354	FT911-710	150	0.043412
354	FT911-540	151	0.043387
354	FT911-4754	152	0.043363
354	FT911-3300	153	0.042949
354	FT911-627	154	0.042654
354	FT911-2999	155	0.042458
354	FT911-3896	156	0.042440
354	FT911-4206	157	0.042301
354	FT911-667	158	0.042271
354	FT911-2510	159	0.042211
354	FT911-1312	160	0.042139
354	FT911-433	161	0.042120
354	FT911-2277	162	0.042011
354	FT911-1308	163	0.041653
354	FT911-4207	164	0.041593
354	FT911-255	165	0.041345
354	FT911-660	166	0.041322
354	FT911-471	167	0.041244
354	FT911-2643	168	0.040934
354	FT911-2689	169	0.040833
354	FT911-2458	170	0.040445
354	FT911-4290	171	0.040400
354	FT911-4137	172	0.040246
354	FT911-467	173	0.040241
354	FT911-2812	174	0.040058
354	FT911-615	175	0.039795
354	FT911-2116	176	0.039728
354	FT911-2622	177	0.039612
354	FT911-1950	178	0.039491
354	FT911-1083	179	0.039446
354	FT911-743	180	0.039280
354	FT911-4654	181	0.039210
354	FT911-1575	182	0.039006
354	FT911-1884	183	0.038910
354	FT911-1899	184	0.038485
354	FT911-4380	185	0.038433
354	FT911-3144	186	0.038398
354	FT911-2107	187	0.038192
354	FT911-5093	188	0.038177
354	FT911-4645	189	0.038169
354	FT911-2991	190	0.038158
354	FT911-42	191	0.038110
354	FT911-3249	192	0.038109
354	FT911-4909	193	0.038076
354	FT911-1799	194	0.037895
354	FT911-3745	195	0.037790
354	FT911-5164	196	0.037640
354	FT911-262	197	0.037585
354	FT911-4641	198	0.037479
354	FT911-4582	199	0.037266
354	FT911-3866	200	0.037223
354	FT911-2644	201	0.037083
354	FT911-4647	202	0.037015
354	FT911-3013	203	0.036998
354	FT911-3948	204	0.036984
354	FT911-1528	205	0.036984
354	FT911-1592	206	0.036893
354	FT911-919	207	0.036839
354	FT911-3718	208	0.036746
354	FT911-4204	209	0.036580
354	FT911-2118	210	0.036476
354	FT911-1710	211	0.036474
354	FT911-1022	212	0.036458
354	FT911-2014	213	0.036413
354	FT911-2031	214	0.036357
354	FT911-2980	215	0.036339
354	FT911-1052	216	0.036288
354	FT911-2182	217	0.036162
354	FT911-1793	218	0.036132
354	FT911-1279	219	0.036122
354	FT911-2520	220	0.035937
354	FT911-863	221	0.035811
354	FT911-2753	222	0.035808
354	FT911-2648	223	0.035734
354	FT911-2152	224	0.035724
354	FT911-4782	225	0.035660
354	FT911-4592	226	0.035584
354	FT911-2845	227	0.035539
354	FT911-1445	228	0.035443
354	FT911-216	229	0.035379
354	FT911-4499	230	0.035237
354	FT911-3907	231	0.035160
354	FT911-3860	232	0.035097
354	FT911-1257	233	0.034957
354	FT911-2716	234	0.034949
354	FT911-131	235	0.034840
354	FT911-738	236	0.034775
354	FT911-707	237	0.034745
354	FT911-1999	238	0.034506
354	FT911-5331	239	0.034494
354	FT911-3516	240	0.034431
354	FT911-3008	241	0.034404
354	FT911-1087	242	0.034343
354	FT911-1967	243	0.034321
354	FT911-2421	244	0.034316
354	FT911-4043	245	0.034217
354	FT911-47	246	0.034080
354	FT911-2050	247	0.034036
354	FT911-2962	248	0.034028
354	FT911-391	249	0.033951
354	FT911-2970	250	0.033924
354	FT911-1715	251	0.033922
354	FT911-2287	252	0.033919
354	FT911-1696	253	0.033800
354	FT911-2163	254	0.033783
354	FT911-1956	255	0.033683
354	FT911-2370	256	0.033588
354	FT911-4578	257	0.033585
354	FT911-4878	258	0.033494
354	FT911-354	259	0.033475
354	FT911-2870	260	0.033447
354	FT911-154	261	0.033437
354	FT911-2687	262	0.033437
354	FT911-4651	263	0.033363
354	FT911-1995	264	0.033141
354	FT911-4448	265	0.033138
354	FT911-2126	266	0.033133
354	FT911-1089	267	0.033032
354	FT911-221	268	0.032890
354	FT911-3273	269	0.032841
354	FT911-3221	270	0.032731
354	FT911-4629	271	0.032646
354	FT911-4968	272	0.032573
354	FT911-4266	273	0.032539
354	FT911-3643	274	0.032534
354	FT911-902	275	0.032373
354	FT911-3414	276	0.032342
354	FT911-628	277	0.032277
354	FT911-2082	278	0.032272
354	FT911-4178	279	0.032158
354	FT911-1285	280	0.032109
354	FT911-3118	281	0.032090
354	FT911-3363	282	0.031910
354	FT911-2986	283	0.031879
354	FT911-4726	284	0.031869
354	FT911-1993	285	0.031861
354	FT911-3015	286	0.031844
354	FT911-2552	287	0.031821
354	FT911-357	288	0.031804
354	FT911-3756	289	0.031750
354	FT911-137	290	0.031636
354	FT911-1647	291	0.031562
354	FT911-4087	292	0.031479
354	FT911-112	293	0.031437
354	FT911-594	294	0.031368
354	FT911-1296	295	0.031315
354	FT911-1532	296	0.031314
354	FT911-2557	297	0.031223
354	FT911-3806	298	0.031151
354	FT911-3868	299	0.031117
354	FT911-1475	300	0.031109
354	FT911-1619	301	0.031064
354	FT911-2339	302	0.031015
354	FT911-4072	303	0.031010
354	FT911-4194	304	0.030984
354	FT911-5182	305	0.030891
354	FT911-2524	306	0.030872
354	FT911-1544	307	0.030864
354	FT911-3794	308	0.030830
354	FT911-5187	309	0.030820
354	FT911-3358	310	0.030815
354	FT911-5190	311	0.030785
354	FT911-243	312	0.030698
354	FT911-4859	313	0.030664
354	FT911-1063	314	0.030643
354	FT911-1653	315	0.030582
354	FT911-2049	316	0.030550
354	FT911-4612	317	0.030512
354	FT911-1534	318	0.030374
354	FT911-4050	319	0.030366
354	FT911-1283	320	0.030310
354	FT911-2649	321	0.030283
354	FT911-4675	322	0.030278
354	FT911-141	323	0.030235
354	FT911-1263	324	0.030126
354	FT911-1437	325	0.030106
354	FT911-1388	326	0.029978
354	FT911-1367	327	0.029939
354	FT911-310	328	0.029893
354	FT911-1513	329	0.029833
354	FT911-4574	330	0.029731
354	FT911-3909	331	0.029720
354	FT911-2272	332	0.029701
354	FT911-3010	333	0.029657
354	FT911-1990	334	0.029588
354	FT911-376	335	0.029568
354	FT911-2567	336	0.029546
354	FT911-392	337	0.029541
354	FT911-2651	338	0.029507
354	FT911-3370	339	0.029427
354	FT911-2848	340	0.029367
354	FT911-3716	341	0.029343
354	FT911-2219	342	0.029322
354	FT911-4636	343	0.029240
354	FT911-5178	344	0.029212
354	FT911-1440	345	0.029193
354	FT911-206	346	0.029122
354	FT911-1526	347	0.029110
354	FT911-5058	348	0.029075
354	FT911-821	349	0.029060
354	FT911-1349	350	0.028975
354	FT911-1300	351	0.028872
354	FT911-5185	352	0.028761
354	FT911-1307	353	0.028759
354	FT911-4585	354	0.028735
354	FT911-1082	355	0.028680
354	FT911-1805	356	0.028655
354	FT911-2486	357	0.028630
354	FT911-1541	358	0.028534
354	FT911-1650	359	0.028522
354	FT911-3619	360	0.028511
354	FT911-598	361	0.028509
354	FT911-379	362	0.028508
354	FT911-2561	363	0.028428
354	FT911-1666	364	0.028280
354	FT911-2971	365	0.028275
354	FT911-1879	366	0.028222
354	FT911-372	367	0.028209
354	FT911-3604	368	0.028160
354	FT911-5323	369	0.028082
354	FT911-4005	370	0.028071
354	FT911-1375	371	0.028064
354	FT911-4674	372	0.028063
354	FT911-2114	373	0.028008
354	FT911-5120	374	0.027995
354	FT911-3535	375	0.027982
354	FT911-1354	376	0.027980
354	FT911-2856	377	0.027969
354	FT911-251	378	0.027907
354	FT911-4376	379	0.027848
354	FT911-2983	380	0.027734
354	FT911-4458	381	0.027684
354	FT911-1658	382	0.027681
354	FT911-4377	383	0.027572
354	FT911-1079	384	0.027553
354	FT911-1369	385	0.027458
354	FT911-3023	386	0.027394
354	FT911-999	387	0.027327
354	FT911-3409	388	0.027289
354	FT911-1253	389	0.027269
354	FT911-1492	390	0.027265
354	FT911-3852	391	0.027262
354	FT911-2209	392	0.027240
354	FT911-4092	393	0.027125
354	FT911-2882	394	0.027053
354	FT911-1780	395	0.026976
354	FT911-3802	396	0.026963
354	FT911-1264	397	0.026956
354	FT911-3360	398	0.026930
354	FT911-4045	399	0.026916
354	FT911-2829	400	0.026707
354	FT911-408	401	0.026690
354	FT911-5302	402	0.026684
354	FT911-3255	403	0.026680
354	FT911-4219	404	0.026669
354	FT911-810	405	0.026666
354	FT911-1195	406	0.026637
354	FT911-2754	407	0.026611
354	FT911-5094	408	0.026598
354	FT911-823	409	0.026583
354	FT911-1372	410	0.026568
354	FT911-3004	411	0.026567
354	FT911-1254	412	0.026546
354	FT911-543	413	0.026516
354	FT911-4646	414	0.026505
354	FT911-53	415	0.026501
354	FT911-1621	416	0.026490
354	FT911-606	417	0.026435
354	FT911-513	418	0.026383
354	FT911-4623	419	0.026289
354	FT911-371	420	0.026274
354	FT911-220	421	0.026225
354	FT911-1423	422	0.026203
354	FT911-4833	423	0.026194
354	FT911-1792	424	0.026168
354	FT911-764	425	0.026161
354	FT911-1953	426	0.026159
354	FT911-4991	427	0.026115
354	FT911-872	428	0.026067
354	FT911-3006	429	0.026042
354	FT911-1681	430	0.025972
354	FT911-1474	431	0.025965
354	FT911-3660	432	0.025943
354	FT911-5333	433	0.025934
354	FT911-3580	434	0.025892
354	FT911-264	435	0.025891
354	FT911-5186	436	0.025871
354	FT911-1418	437	0.025806
354	FT911-892	438	0.025789
354	FT911-622	439	0.025765
354	FT911-3371	440	0.025744
354	FT911-942	441	0.025740
354	FT911-673	442	0.025664
354	FT911-5213	443	0.025599
354	FT911-252	444	0.025590
354	FT911-1055	445	0.025508
354	FT911-3007	446	0.025500
354	FT911-3287	447	0.025404
354	FT911-1556	448	0.025395
354	FT911-3246	449	0.025317
354	FT911-3234	450	0.025283
354	FT911-3440	451	0.025281
354	FT911-272	452	0.025171
354	FT911-1210	453	0.025162
354	FT911-1226	454	0.025159
354	FT911-2281	455	0.025139
354	FT911-2549	456	0.025093
354	FT911-4587	457	0.025039
354	FT911-409	458	0.025027
354	FT911-2477	459	0.024960
354	FT911-1084	460	0.024920
354	FT911-1211	461	0.024920
354	FT911-5045	462	0.024870
354	FT911-755	463	0.024858
354	FT911-4972	464	0.024785
354	FT911-3304	465	0.024730
354	FT911-4970	466	0.024723
354	FT911-3251	467	0.024681
354	FT911-3242	468	0.024587
354	FT911-3444	469	0.024560
354	FT911-35	470	0.024554
354	FT911-1979	471	0.024538
354	FT911-2799	472	0.024485
354	FT911-476	473	0.024453
354	FT911-526	474	0.024434
354	FT911-4420	475	0.024418
354	FT911-601	476	0.024409
354	FT911-836	477	0.024398
354	FT911-4626	478	0.024332
354	FT911-4103	479	0.024328
354	FT911-2134	480	0.024296
354	FT911-136	481	0.024276
354	FT911-3915	482	0.024179
354	FT911-4569	483	0.024171
354	FT911-1593	484	0.024161
354	FT911-2691	485	0.024143
354	FT911-1520	486	0.024072
354	FT911-2032	487	0.024069
354	FT911-4680	488	0.024040
354	FT911-3170	489	0.024039
354	FT911-4893	490	0.024034
354	FT911-3100	491	0.024023
354	FT911-886	492	0.024001
354	FT911-1962	493	0.023759
354	FT911-2969	494	0.023679
354	FT911-2521	495	0.023648
354	FT911-4836	496	0.023620
354	FT911-4875	497	0.023619
354	FT911-4447	498	0.023609
354	FT911-1295	499	0.023600
354	FT911-3292	500	0.023595
354	FT911-3654	501	0.023590
354	FT911-4829	502	0.023567
354	FT911-632	503	0.023560
354	FT911-626	504	0.023539
354	FT911-4054	505	0.023463
354	FT911-3776	506	0.023415
354	FT911-3232	507	0.023374
354	FT911-608	508	0.023335
354	FT911-1197	509	0.023288
354	FT911-5345	510	0.023277
354	FT911-1432	511	0.023277
354	FT911-4662	512	0.023270
354	FT911-2384	513	0.023241
354	FT911-2210	514	0.023239
354	FT911-382	515	0.023223
354	FT911-3857	516	0.023205
354	FT911-125	517	0.023191
354	FT911-679	518	0.023182
354	FT911-1303	519	0.023162
354	FT911-343	520	0.023139
354	FT911-3421	521	0.023133
354	FT911-2054	522	0.023078
354	FT911-4014	523	0.023051
354	FT911-3131	524	0.022964
354	FT911-2835	525	0.022936
354	FT911-4018	526	0.022931
354	FT911-2620	527	0.022929
354	FT911-546	528	0.022919
354	FT911-2714	529	0.022915
354	FT911-1002	530	0.022890
354	FT911-2206	531	0.022862
354	FT911-1981	532	0.022847
354	FT911-328	533	0.022842
354	FT911-2666	534	0.022830
354	FT911-1148	535	0.022816
354	FT911-3113	536	0.022814
354	FT911-3167	537	0.022789
354	FT911-1996	538	0.022728
354	FT911-2995	539	0.022637
354	FT911-3487	540	0.022618
354	FT911-4172	541	0.022592
354	FT911-4288	542	0.022562
354	FT911-936	543	0.022535
354	FT911-661	544	0.022534
354	FT911-4240	545	0.022530
354	FT911-2650	546	0.022436
354	FT911-4258	547	0.022411
354	FT911-3646	548	0.022388
354	FT911-4143	549	0.022388
354	FT911-3022	550	0.022308
354	FT911-5329	551	0.022303
354	FT911-462	552	0.022245
354	FT911-3663	553	0.022232
354	FT911-3484	554	0.022218
354	FT911-4903	555	0.022198
354	FT911-1066	556	0.022177
354	FT911-2270	557	0.022174
354	FT911-3721	558	0.022168
354	FT911-488	559	0.022139
354	FT911-5111	560	0.022082
354	FT911-1498	561	0.022082
354	FT911-4213	562	0.021987
354	FT911-3714	563	0.021929
354	FT911-4734	564	0.021904
354	FT911-2461	565	0.021852
354	FT911-2768	566	0.021817
354	FT911-4455	567	0.021793
354	FT911-4648	568	0.021745
354	FT911-3635	569	0.021726
354	FT911-591	570	0.021714
354	FT911-4387	571	0.021694
354	FT911-745	572	0.021654
354	FT911-1196	573	0.021647
354	FT911-911	574	0.021646
354	FT911-3729	575	0.021618
354	FT911-992	576	0.021598
354	FT911-1554	577	0.021582
354	FT911-3510	578	0.021572
354	FT911-200	579	0.021570
354	FT911-4776	580	0.021555
354	FT911-4586	581	0.021551
354	FT911-4663	582	0.021542
354	FT911-241	583	0.021532
354	FT911-3461	584	0.021523
354	FT911-5124	585	0.021510
354	FT911-4270	586	0.021490
354	FT911-1306	587	0.021488
354	FT911-3887	588	0.021468
354	FT911-678	589	0.021434
354	FT911-2476	590	0.021369
354	FT911-1154	591	0.021368
354	FT911-3630	592	0.021347
354	FT911-832	593	0.021328
354	FT911-3709	594	0.021324
354	FT911-2683	595	0.021314
354	FT911-3578	596	0.021293
354	FT911-2105	597	0.021290
354	FT911-2109	598	0.021288
354	FT911-184	599	0.021269
354	FT911-5179	600	0.021220
354	FT911-1389	601	0.021202
354	FT911-3400	602	0.021170
354	FT911-2993	603	0.021143
354	FT911-3329	604	0.021139
354	FT911-965	605	0.021112
354	FT911-2662	606	0.021110
354	FT911-3987	607	0.021082
354	FT911-943	608	0.021048
354	FT911-4906	609	0.021042
354	FT911-438	610	0.021037
354	FT911-4342	611	0.021028
354	FT911-3827	612	0.021027
354	FT911-1406	613	0.020999
354	FT911-1358	614	0.020965
354	FT911-4488	615	0.020953
354	FT911-1865	616	0.020846
354	FT911-646	617	0.020829
354	FT911-3030	618	0.020808
354	FT911-5264	619	0.020807
354	FT911-134	620	0.020795
354	FT911-135	621	0.020791
354	FT911-802	622	0.020783
354	FT911-4764	623	0.020751
354	FT911-4506	624	0.020733
354	FT911-4139	625	0.020714
354	FT911-3945	626	0.020704
354	FT911-1398	627	0.020697
354	FT911-1885	628	0.020683
354	FT911-378	629	0.020662
354	FT911-1340	630	0.020617
354	FT911-1408	631	0.020607
354	FT911-2532	632	0.020601
354	FT911-4235	633	0.020575
354	FT911-5232	634	0.020568
354	FT911-1760	635	0.020557
354	FT911-91	636	0.020542
354	FT911-1516	637	0.020518
354	FT911-2723	638	0.020494
354	FT911-4842	639	0.020445
354	FT911-4830	640	0.020441
354	FT911-4479	641	0.020408
354	FT911-2110	642	0.020402
354	FT911-2138	643	0.020384
354	FT911-1576	644	0.020379
354	FT911-465	645	0.020365
354	FT911-1633	646	0.020342
354	FT911-4964	647	0.020306
354	FT911-1617	648	0.020299
354	FT911-2033	649	0.020266
354	FT911-2595	650	0.020224
354	FT911-3336	651	0.020205
354	FT911-3450	652	0.020166
354	FT911-138	653	0.020159
354	FT911-1973	654	0.020155
354	FT911-3923	655	0.020152
354	FT911-2332	656	0.020127
354	FT911-2548	657	0.020070
354	FT911-1355	658	0.020019
354	FT911-1043	659	0.019993
354	FT911-502	660	0.019912
354	FT911-4644	661	0.019859
354	FT911-2865	662	0.019846
354	FT911-2924	663	0.019835
354	FT911-186	664	0.019792
354	FT911-4169	665	0.019758
354	FT911-5237	666	0.019758
354	FT911-721	667	0.019751
354	FT911-4524	668	0.019732
354	FT911-4986	669	0.019721
354	FT911-4750	670	0.019690
354	FT911-2688	671	0.019673
354	FT911-1407	672	0.019668
354	FT911-1867	673	0.019662
354	FT911-2605	674	0.019620
354	FT911-2274	675	0.019589
354	FT911-4789	676	0.019581
354	FT911-2600	677	0.019580
354	FT911-1383	678	0.019571
354	FT911-1768	679	0.019562
354	FT911-5258	680	0.019555
354	FT911-1029	681	0.019550
354	FT911-3951	682	0.019540
354	FT911-140	683	0.019532
354	FT911-780	684	0.019503
354	FT911-697	685	0.019499
354	FT911-1427	686	0.019479
354	FT911-5336	687	0.019421
354	FT911-3449	688	0.019417
354	FT911-4745	689	0.019364
354	FT911-5041	690	0.019342
354	FT911-779	691	0.019303
354	FT911-1309	692	0.019292
354	FT911-3210	693	0.019285
354	FT911-2699	694	0.019276
354	FT911-3617	695	0.019248
354	FT911-855	696	0.019244
354	FT911-3724	697	0.019230
354	FT911-2447	698	0.019216
354	FT911-1386	699	0.019208
354	FT911-1075	700	0.019191
354	FT911-4841	701	0.019154
354	FT911-1176	702	0.019143
354	FT911-2186	703	0.019113
354	FT911-1651	704	0.019094
354	FT911-4257	705	0.019076
354	FT911-3676	706	0.019002
354	FT911-804	707	0.018985
354	FT911-3930	708	0.018939
354	FT911-3978	709	0.018933
354	FT911-777	710	0.018921
354	FT911-4419	711	0.018876
354	FT911-3626	712	0.018872
354	FT911-3939	713	0.018863
354	FT911-199	714	0.018826
354	FT911-4832	715	0.018825
354	FT911-4230	716	0.018819
354	FT911-133	717	0.018811
354	FT911-4131	718	0.018806
354	FT911-690	719	0.018757
354	FT911-4822	720	0.018741
354	FT911-3448	721	0.018733
354	FT911-4687	722	0.018723
354	FT911-3507	723	0.018676
354	FT911-951	724	0.018642
354	FT911-5346	725	0.018635
354	FT911-4059	726	0.018634
354	FT911-4551	727	0.018604
354	FT911-4089	728	0.018574
354	FT911-1663	729	0.018569
354	FT911-2615	730	0.018563
354	FT911-5177	731	0.018556
354	FT911-1540	732	0.018548
354	FT911-2240	733	0.018547
354	FT911-1781	734	0.018543
354	FT911-4026	735	0.018533
354	FT911-294	736	0.018532
354	FT911-2535	737	0.018523
354	FT911-4692	738	0.018515
354	FT911-962	739	0.018505
354	FT911-2879	740	0.018498
354	FT911-3797	741	0.018454
354	FT911-1765	742	0.018426
354	FT911-1140	743	0.018417
354	FT911-1013	744	0.018416
354	FT911-1959	745	0.018412
354	FT911-2673	746	0.018328
354	FT911-1174	747	0.018304
354	FT911-1971	748	0.018299
354	FT911-890	749	0.018274
354	FT911-1464	750	0.018253
354	FT911-5069	751	0.018228
354	FT911-2817	752	0.018200
354	FT911-1499	753	0.018197
354	FT911-924	754	0.018139
354	FT911-3768	755	0.018135
354	FT911-4165	756	0.018094
354	FT911-4891	757	0.018090
354	FT911-482	758	0.018065
354	FT911-3967	759	0.018049
354	FT911-1511	760	0.018032
354	FT911-2619	761	0.018025
354	FT911-2529	762	0.018007
354	FT911-1206	763	0.018007
354	FT911-377	764	0.017988
354	FT911-1661	765	0.017987
354	FT911-4425	766	0.017987
354	FT911-5259	767	0.017982
354	FT911-2626	768	0.017963
354	FT911-5215	769	0.017944
354	FT911-2657	770	0.017927
354	FT911-1397	771	0.017913
354	FT911-2698	772	0.017909
354	FT911-269	773	0.017901
354	FT911-1854	774	0.017884
354	FT911-1615	775	0.017882
354	FT911-4642	776	0.017873
354	FT911-2409	777	0.017862
354	FT911-1726	778	0.017862
354	FT911-842	779	0.017839
354	FT911-13	780	0.017819
354	FT911-3356	781	0.017812
354	FT911-816	782	0.017787
354	FT911-3864	783	0.017770
354	FT911-1056	784	0.017761
354	FT911-3952	785	0.017740
354	FT911-4579	786	0.017738
354	FT911-3398	787	0.017738
354	FT911-4751	788	0.017635
354	FT911-1220	789	0.017618
354	FT911-5064	790	0.017610
354	FT911-4068	791	0.017607
354	FT911-346	792	0.017601
354	FT911-5019	793	0.017564
354	FT911-2892	794	0.017532
354	FT911-4835	795	0.017514
354	FT911-4821	796	0.017479
354	FT911-2621	797	0.017450
354	FT911-5088	798	0.017438
354	FT911-5115	799	0.017436
354	FT911-273	800	0.017330
354	FT911-4307	801	0.017305
354	FT911-244	802	0.017300
354	FT911-2792	803	0.017291
354	FT911-4787	804	0.017289
354	FT911-618	805	0.017282
354	FT911-894	806	0.017267
354	FT911-2174	807	0.017260
354	FT911-1356	808	0.017240
354	FT911-4324	809	0.017236
354	FT911-169	810	0.017233
354	FT911-711	811	0.017199
354	FT911-5255	812	0.017196
354	FT911-5249	813	0.017184
354	FT911-1545	814	0.017171
354	FT911-24	815	0.017156
354	FT911-3266	816	0.017131
354	FT911-1230	817	0.017109
354	FT911-4095	818	0.017107
354	FT911-4090	819	0.017096
354	FT911-2587	820	0.017091
354	FT911-197	821	0.017058
354	FT911-2188	822	0.017056
354	FT911-2914	823	0.017055
354	FT911-2642	824	0.017047
354	FT911-5283	825	0.017046
354	FT911-4558	826	0.017008
354	FT911-3606	827	0.016993
354	FT911-1697	828	0.016991
354	FT911-3616	829	0.016953
354	FT911-3588	830	0.016937
354	FT911-1431	831	0.016936
354	FT911-1909	832	0.016910
354	FT911-1065	833	0.016906
354	FT911-838	834	0.016899
354	FT911-2764	835	0.016888
354	FT911-4468	836	0.016877
354	FT911-487	837	0.016871
354	FT911-4315	838	0.016851
354	FT911-2843	839	0.016837
354	FT911-1491	840	0.016836
354	FT911-1732	841	0.016835
354	FT911-3117	842	0.016834
354	FT911-3979	843	0.016829
354	FT911-4795	844	0.016827
354	FT911-474	845	0.016791
354	FT911-826	846	0.016775
354	FT911-2493	847	0.016760
354	FT911-1270	848	0.016715
354	FT911-4720	849	0.016708
354	FT911-2452	850	0.016663
354	FT911-4053	851	0.016660
354	FT911-770	852	0.016639
354	FT911-4024	853	0.016626
354	FT911-4589	854	0.016605
354	FT911-4792	855	0.016596
354	FT911-5008	856	0.016592
354	FT911-4743	857	0.016576
354	FT911-369	858	0.016538
354	FT911-1507	859	0.016493
354	FT911-3886	860	0.016486
354	FT911-2872	861	0.016468
354	FT911-3624	862	0.016441
354	FT911-5260	863	0.016421
354	FT911-3746	864	0.016390
354	FT911-3865	865	0.016350
354	FT911-729	866	0.016318
354	FT911-1045	867	0.016294
354	FT911-3096	868	0.016291
354	FT911-4661	869	0.016287
354	FT911-3937	870	0.016286
354	FT911-4814	871	0.016243
354	FT911-3111	872	0.016233
354	FT911-4744	873	0.016204
354	FT911-5303	874	0.016182
354	FT911-2506	875	0.016164
354	FT911-2445	876	0.016115
354	FT911-3368	877	0.016113
354	FT911-1396	878	0.016081
354	FT911-3416	879	0.016079
354	FT911-1186	880	0.016033
354	FT911-3129	881	0.016030
354	FT911-2568	882	0.016026
354	FT911-1529	883	0.016020
354	FT911-3730	884	0.015991
354	FT911-2427	885	0.015980
354	FT911-1629	886	0.015954
354	FT911-1770	887	0.015953
354	FT911-3531	888	0.015946
354	FT911-3122	889	0.015925
354	FT911-907	890	0.015904
354	FT911-787	891	0.015872
354	FT911-2195	892	0.015862
354	FT911-3620	893	0.015859
354	FT911-4431	894	0.015841
354	FT911-4375	895	0.015830
354	FT911-3842	896	0.015796
354	FT911-2674	897	0.015789
354	FT911-1438	898	0.015783
354	FT911-1496	899	0.015719
354	FT911-4073	900	0.015707
354	FT911-4182	901	0.015706
354	FT911-807	902	0.015698
354	FT911-4000	903	0.015682
354	FT911-4163	904	0.015678
354	FT911-2625	905	0.015639
354	FT911-1929	906	0.015627
354	FT911-4824	907	0.015619
354	FT911-4263	908	0.015588
354	FT911-1077	909	0.015559
354	FT911-1934	910	0.015542
354	FT911-4130	911	0.015529
354	FT911-384	912	0.015520
354	FT911-1327	913	0.015508
354	FT911-1890	914	0.015491
354	FT911-640	915	0.015471
354	FT911-3596	916	0.015468
354	FT911-3445	917	0.015445
354	FT911-556	918	0.015428
354	FT911-1319	919	0.015419
354	FT911-3927	920	0.015417
354	FT911-1951	921	0.015415
354	FT911-1572	922	0.015414
354	FT911-3439	923	0.015411
354	FT911-4198	924	0.015410
354	FT911-1775	925	0.015374
354	FT911-4025	926	0.015357
354	FT911-2016	927	0.015337
354	FT911-4075	928	0.015335
354	FT911-1480	929	0.015310
354	FT911-3642	930	0.015285
354	FT911-3009	931	0.015251
354	FT911-1764	932	0.015250
354	FT911-2815	933	0.015246
354	FT911-2123	934	0.015243
354	FT911-993	935	0.015240
354	FT911-4116	936	0.015228
354	FT911-4856	937	0.015172
354	FT911-754	938	0.015169
354	FT911-2376	939	0.015166
354	FT911-1248	940	0.015052
354	FT911-2261	941	0.015050
354	FT911-2338	942	0.015030
354	FT911-1359	943	0.015029
354	FT911-1461	944	0.015027
354	FT911-2916	945	0.015017
354	FT911-4825	946	0.015003
354	FT911-4697	947	0.014985
354	FT911-1062	948	0.014984
354	FT911-2068	949	0.014977
354	FT911-1892	950	0.014965
354	FT911-5211	951	0.014928
354	FT911-3908	952	0.014923
354	FT911-3591	953	0.014875
354	FT911-4889	954	0.014854
354	FT911-1677	955	0.014849
354	FT911-3924	956	0.014847
354	FT911-5326	957	0.014845
354	FT911-2271	958	0.014845
354	FT911-739	959	0.014844
354	FT911-90	960	0.014837
354	FT911-1720	961	0.014834
354	FT911-4170	962	0.014813
354	FT911-2922	963	0.014805
354	FT911-2273	964	0.014800
354	FT911-5102	965	0.014795
354	FT911-3918	966	0.014777
354	FT911-2996	967	0.014775
354	FT911-4901	968	0.014754
354	FT911-3680	969	0.014740
354	FT911-3699	970	0.014710
354	FT911-3109	971	0.014704
354	FT911-2982	972	0.014689
354	FT911-3793	973	0.014680
354	FT911-634	974	0.014671
354	FT911-2894	975	0.014668
354	FT911-2576	976	0.014655
354	FT911-4313	977	0.014651
354	FT911-4225	978	0.014642
354	FT911-1365	979	0.014637
354	FT911-1477	980	0.014623
354	FT911-2236	981	0.014619
354	FT911-1904	982	0.014605
354	FT911-2663	983	0.014589
354	FT911-4003	984	0.014563
354	FT911-5341	985	0.014559
354	FT911-2525	986	0.014558
354	FT911-5279	987	0.014550
354	FT911-4939	988	0.014547
354	FT911-4034	989	0.014517
354	FT911-997	990	0.014508
354	FT911-4904	991	0.014480
354	FT911-1222	992	0.014451
354	FT911-2841	993	0.014450
354	FT911-3110	994	0.014441
354	FT911-4466	995	0.014429
354	FT911-865	996	0.014429
354	FT911-2279	997	0.014406
354	FT911-2710	998	0.014402
354	FT911-1684	999	0.014399
354	FT911-5029	1000	0.014367
359	FT911-4650	1	0.183084
359	FT911-1897	2	0.173848
359	FT911-3149	3	0.149958
359	FT911-5244	4	0.120809
359	FT911-391	5	0.120468
359	FT911-4645	6	0.113389
359	FT911-4652	7	0.111507
359	FT911-3000	8	0.108994
359	FT911-3242	9	0.106059
359	FT911-5121	10	0.099674
359	FT911-4590	11	0.096385
359	FT911-2452	12	0.093300
359	FT911-965	13	0.091019
359	FT911-934	14	0.090319
359	FT911-515	15	0.089269
359	FT911-4206	16	0.087940
359	FT911-2520	17	0.087063
359	FT911-2637	18	0.086801
359	FT911-4264	19	0.085889
359	FT911-1282	20	0.084175
359	FT911-4095	21	0.083079
359	FT911-601	22	0.081474
359	FT911-4648	23	0.081199
359	FT911-3276	24	0.079077
359	FT911-4656	25	0.077547
359	FT911-4654	26	0.076973
359	FT911-4641	27	0.075828
359	FT911-5086	28	0.075590
359	FT911-4270	29	0.075074
359	FT911-2480	30	0.074914
359	FT911-2991	31	0.074910
359	FT911-428	32	0.074835
359	FT911-4862	33	0.074806
359	FT911-3404	34	0.073668
359	FT911-1412	35	0.073634
359	FT911-1230	36	0.073368
359	FT911-2712	37	0.073322
359	FT911-2913	38	0.071339
359	FT911-4679	39	0.070884
359	FT911-437	40	0.070615
359	FT911-1309	41	0.070164
359	FT911-2342	42	0.069968
359	FT911-3283	43	0.069941
359	FT911-1061	44	0.069859
359	FT911-2009	45	0.068475
359	FT911-2711	46	0.067788
359	FT911-4508	47	0.067737
359	FT911-165	48	0.067417
359	FT911-2469	49	0.066931
359	FT911-5150	50	0.065809
359	FT911-4647	51	0.065481
359	FT911-1517	52	0.065193
359	FT911-204	53	0.064609
359	FT911-4865	54	0.064186
359	FT911-314	55	0.064122
359	FT911-3979	56	0.063585
359	FT911-4655	57	0.063426
359	FT911-4649	58	0.062669
359	FT911-942	59	0.062517
359	FT911-1055	60	0.061955
359	FT911-1972	61	0.061919
359	FT911-3830	62	0.061755
359	FT911-3406	63	0.061747
359	FT911-4987	64	0.061239
359	FT911-1719	65	0.061180
359	FT911-4322	66	0.060529
359	FT911-4644	67	0.059965
359	FT911-4642	68	0.059841
359	FT911-680	69	0.059808
359	FT911-1279	70	0.059684
359	FT911-2100	71	0.059649
359	FT911-2997	72	0.058874
359	FT911-4651	73	0.058748
359	FT911-4640	74	0.058552
359	FT911-3645	75	0.057912
359	FT911-1628	76	0.057612
359	FT911-3546	77	0.057403
359	FT911-3914	78	0.057276
359	FT911-2992	79	0.056839
359	FT911-1899	80	0.056752
359	FT911-5157	81	0.056494
359	FT911-4643	82	0.055704
359	FT911-2644	83	0.055510
359	FT911-1529	84	0.055503
359	FT911-2424	85	0.055053
359	FT911-4975	86	0.055006
359	FT911-3181	87	0.054958
359	FT911-2248	88	0.054817
359	FT911-4589	89	0.054780
359	FT911-2291	90	0.054624
359	FT911-4368	91	0.054517
359	FT911-2063	92	0.053728
359	FT911-1312	93	0.053583
359	FT911-4024	94	0.053348
359	FT911-4202	95	0.053259
359	FT911-392	96	0.053245
359	FT911-61	97	0.052898
359	FT911-4653	98	0.052676
359	FT911-331	99	0.052531
359	FT911-3005	100	0.052418
359	FT911-4200	101	0.052382
359	FT911-2288	102	0.052346
359	FT911-4636	103	0.052248
359	FT911-3260	104	0.052068
359	FT911-2998	105	0.051887
359	FT911-4583	106	0.051226
359	FT911-2672	107	0.051063
359	FT911-4685	108	0.051027
359	FT911-2982	109	0.050965
359	FT911-5343	110	0.050480
359	FT911-984	111	0.050110
359	FT911-2983	112	0.049764
359	FT911-3216	113	0.049696
359	FT911-1521	114	0.049689
359	FT911-3709	115	0.049554
359	FT911-1446	116	0.049552
359	FT911-335	117	0.049452
359	FT911-3986	118	0.049401
359	FT911-1096	119	0.049359
359	FT911-3745	120	0.049164
359	FT911-3710	121	0.048756
359	FT911-5064	122	0.048709
359	FT911-1647	123	0.048271
359	FT911-3646	124	0.048253
359	FT911-110	125	0.048146
359	FT911-2989	126	0.048130
359	FT911-2596	127	0.047978
359	FT911-4474	128	0.047586
359	FT911-5201	129	0.047493
359	FT911-1317	130	0.047226
359	FT911-1572	131	0.047196
359	FT911-1059	132	0.046997
359	FT911-4197	133	0.046930
359	FT911-3936	134	0.046927
359	FT911-2584	135	0.046749
359	FT911-4789	136	0.046683
359	FT911-2396	137	0.046275
359	FT911-3743	138	0.046135
359	FT911-3496	139	0.046072
359	FT911-3591	140	0.045545
359	FT911-594	141	0.045215
359	FT911-523	142	0.045042
359	FT911-2046	143	0.045022
359	FT911-4853	144	0.044734
359	FT911-1222	145	0.044452
359	FT911-4467	146	0.044303
359	FT911-271	147	0.044294
359	FT911-1910	148	0.044276
359	FT911-5304	149	0.044215
359	FT911-1645	150	0.044214
359	FT911-3248	151	0.044068
359	FT911-911	152	0.044044
359	FT911-5240	153	0.043941
359	FT911-4870	154	0.043932
359	FT911-4646	155	0.043889
359	FT911-242	156	0.043572
359	FT911-2209	157	0.043476
359	FT911-3924	158	0.043460
359	FT911-198	159	0.043432
359	FT911-1881	160	0.043235
359	FT911-3960	161	0.043106
359	FT911-2222	162	0.043038
359	FT911-220	163	0.042979
359	FT911-3084	164	0.042902
359	FT911-679	165	0.042876
359	FT911-3019	166	0.042651
359	FT911-3853	167	0.042456
359	FT911-2119	168	0.042411
359	FT911-2032	169	0.042337
359	FT911-2916	170	0.041886
359	FT911-1995	171	0.041730
359	FT911-1288	172	0.041593
359	FT911-511	173	0.041552
359	FT911-136	174	0.041543
359	FT911-1861	175	0.041501
359	FT911-4860	176	0.041465
359	FT911-2380	177	0.041457
359	FT911-3534	178	0.041290
359	FT911-790	179	0.041275
359	FT911-1830	180	0.041055
359	FT911-2684	181	0.040974
359	FT911-4066	182	0.040924
359	FT911-2994	183	0.040834
359	FT911-2988	184	0.040830
359	FT911-817	185	0.040802
359	FT911-4595	186	0.040774
359	FT911-1702	187	0.040668
359	FT911-4342	188	0.040650
359	FT911-4784	189	0.040538
359	FT911-1300	190	0.040518
359	FT911-1294	191	0.040450
359	FT911-755	192	0.040425
359	FT911-1426	193	0.040392
359	FT911-952	194	0.040159
359	FT911-3330	195	0.039985
359	FT911-4787	196	0.039775
359	FT911-2459	197	0.039759
359	FT911-697	198	0.039734
359	FT911-2871	199	0.039723
359	FT911-1629	200	0.039623
359	FT911-2465	201	0.039413
359	FT911-2826	202	0.039073
359	FT911-3094	203	0.038961
359	FT911-2561	204	0.038950
359	FT911-463	205	0.038949
359	FT911-99	206	0.038945
359	FT911-138	207	0.038817
359	FT911-4271	208	0.038689
359	FT911-4929	209	0.038557
359	FT911-2892	210	0.038489
359	FT911-2762	211	0.038446
359	FT911-3137	212	0.038327
359	FT911-3102	213	0.038040
359	FT911-870	214	0.038036
359	FT911-4108	215	0.037883
359	FT911-830	216	0.037837
359	FT911-4588	217	0.037837
359	FT911-106	218	0.037662
359	FT911-4980	219	0.037661
359	FT911-5214	220	0.037545
359	FT911-5018	221	0.037434
359	FT911-1474	222	0.037387
359	FT911-1511	223	0.037378
359	FT911-4907	224	0.037299
359	FT911-2709	225	0.037105
359	FT911-1180	226	0.037069
359	FT911-2549	227	0.036885
359	FT911-3258	228	0.036854
359	FT911-1994	229	0.036801
359	FT911-197	230	0.036680
359	FT911-2774	231	0.036615
359	FT911-762	232	0.036507
359	FT911-665	233	0.036406
359	FT911-252	234	0.036378
359	FT911-5120	235	0.036269
359	FT911-2337	236	0.036206
359	FT911-5061	237	0.036189
359	FT911-3461	238	0.036171
359	FT911-740	239	0.036140
359	FT911-3275	240	0.036137
359	FT911-2374	241	0.036064
359	FT911-3378	242	0.036045
359	FT911-2829	243	0.035970
359	FT911-2693	244	0.035921
359	FT911-5129	245	0.035805
359	FT911-5039	246	0.035783
359	FT911-4896	247	0.035742
359	FT911-2650	248	0.035696
359	FT911-2175	249	0.035680
359	FT911-1866	250	0.035634
359	FT911-3633	251	0.035607
359	FT911-417	252	0.035544
359	FT911-4435	253	0.035533
359	FT911-3805	254	0.035523
359	FT911-533	255	0.035351
359	FT911-1973	256	0.035319
359	FT911-4727	257	0.035287
359	FT911-1786	258	0.035191
359	FT911-4419	259	0.035177
359	FT911-937	260	0.034985
359	FT911-2454	261	0.034976
359	FT911-407	262	0.034947
359	FT911-4092	263	0.034869
359	FT911-4176	264	0.034786
359	FT911-2087	265	0.034692
359	FT911-1963	266	0.034632
359	FT911-3071	267	0.034595
359	FT911-1479	268	0.034579
359	FT911-1019	269	0.034460
359	FT911-5284	270	0.034439
359	FT911-250	271	0.034424
359	FT911-1595	272	0.034346
359	FT911-1524	273	0.034282
359	FT911-3865	274	0.034281
359	FT911-4479	275	0.034210
359	FT911-1754	276	0.034114
359	FT911-757	277	0.034067
359	FT911-1909	278	0.033833
359	FT911-2867	279	0.033815
359	FT911-3257	280	0.033725
359	FT911-1308	281	0.033721
359	FT911-696	282	0.033716
359	FT911-4836	283	0.033687
359	FT911-3927	284	0.033661
359	FT911-719	285	0.033655
359	FT911-408	286	0.033607
359	FT911-735	287	0.033599
359	FT911-2025	288	0.033588
359	FT911-1556	289	0.033578
359	FT911-1461	290	0.033534
359	FT911-3312	291	0.033496
359	FT911-1242	292	0.033351
359	FT911-2371	293	0.033314
359	FT911-5162	294	0.033308
359	FT911-1885	295	0.033295
359	FT911-606	296	0.033285
359	FT911-1276	297	0.033183
359	FT911-713	298	0.033139
359	FT911-3523	299	0.033114
359	FT911-4355	300	0.033042
359	FT911-4608	301	0.032968
359	FT911-727	302	0.032944
359	FT911-1083	303	0.032911
359	FT911-685	304	0.032809
359	FT911-2332	305	0.032780
359	FT911-2421	306	0.032779
359	FT911-3618	307	0.032765
359	FT911-5110	308	0.032740
359	FT911-3380	309	0.032656
359	FT911-2146	310	0.032619
359	FT911-315	311	0.032585
359	FT911-4201	312	0.032572
359	FT911-5118	313	0.032555
359	FT911-2416	314	0.032508
359	FT911-1693	315	0.032486
359	FT911-4480	316	0.032478
359	FT911-3907	317	0.032399
359	FT911-2488	318	0.032369
359	FT911-4553	319	0.032328
359	FT911-2754	320	0.032306
359	FT911-534	321	0.032233
359	FT911-2589	322	0.032168
359	FT911-693	323	0.032165
359	FT911-2017	324	0.032058
359	FT911-2211	325	0.032004
359	FT911-1526	326	0.031969
359	FT911-4251	327	0.031943
359	FT911-644	328	0.031924
359	FT911-2026	329	0.031904
359	FT911-2990	330	0.031899
359	FT911-3109	331	0.031818
359	FT911-376	332	0.031805
359	FT911-1346	333	0.031770
359	FT911-1150	334	0.031682
359	FT911-5161	335	0.031557
359	FT911-4840	336	0.031550
359	FT911-409	337	0.031513
359	FT911-3489	338	0.031410
359	FT911-5300	339	0.031326
359	FT911-5294	340	0.031306
359	FT911-4895	341	0.031264
359	FT911-2985	342	0.031126
359	FT911-938	343	0.031117
359	FT911-4055	344	0.031045
359	FT911-1414	345	0.031024
359	FT911-604	346	0.030961
359	FT911-4117	347	0.030888
359	FT911-1179	348	0.030855
359	FT911-3092	349	0.030843
359	FT911-3868	350	0.030769
359	FT911-5324	351	0.030768
359	FT911-1587	352	0.030765
359	FT911-34	353	0.030756
359	FT911-1048	354	0.030753
359	FT911-3768	355	0.030715
359	FT911-2591	356	0.030618
359	FT911-3928	357	0.030617
359	FT911-3184	358	0.030519
359	FT911-3043	359	0.030491
359	FT911-4970	360	0.030423
359	FT911-3440	361	0.030385
359	FT911-3563	362	0.030354
359	FT911-2723	363	0.030310
359	FT911-5030	364	0.030280
359	FT911-3170	365	0.030269
359	FT911-4504	366	0.030222
359	FT911-4098	367	0.030192
359	FT911-1651	368	0.030148
359	FT911-2850	369	0.030128
359	FT911-2750	370	0.030075
359	FT911-1726	371	0.030019
359	FT911-595	372	0.030004
359	FT911-5274	373	0.029979
359	FT911-2841	374	0.029953
359	FT911-2987	375	0.029916
359	FT911-1673	376	0.029816
359	FT911-2773	377	0.029741
359	FT911-632	378	0.029666
359	FT911-3576	379	0.029646
359	FT911-3013	380	0.029454
359	FT911-1445	381	0.029428
359	FT911-514	382	0.029419
359	FT911-2373	383	0.029387
359	FT911-3498	384	0.029182
359	FT911-4207	385	0.029165
359	FT911-664	386	0.029158
359	FT911-674	387	0.029060
359	FT911-3281	388	0.029059
359	FT911-3559	389	0.029059
359	FT911-2533	390	0.028967
359	FT911-1584	391	0.028962
359	FT911-5099	392	0.028951
359	FT911-1274	393	0.028924
359	FT911-3131	394	0.028916
359	FT911-853	395	0.028898
359	FT911-128	396	0.028880
359	FT911-2521	397	0.028870
359	FT911-4763	398	0.028866
359	FT911-1839	399	0.028802
359	FT911-918	400	0.028778
359	FT911-1125	401	0.028768
359	FT911-4373	402	0.028767
359	FT911-1701	403	0.028736
359	FT911-452	404	0.028736
359	FT911-4162	405	0.028734
359	FT911-3774	406	0.028668
359	FT911-49	407	0.028621
359	FT911-3630	408	0.028590
359	FT911-4191	409	0.028582
359	FT911-5299	410	0.028547
359	FT911-5168	411	0.028538
359	FT911-2414	412	0.028537
359	FT911-2194	413	0.028519
359	FT911-3311	414	0.028480
359	FT911-4639	415	0.028459
359	FT911-4973	416	0.028432
359	FT911-2978	417	0.028425
359	FT911-5137	418	0.028369
359	FT911-1942	419	0.028271
359	FT911-4627	420	0.028265
359	FT911-4883	421	0.028218
359	FT911-2923	422	0.028207
359	FT911-1463	423	0.028131
359	FT911-5314	424	0.028108
359	FT911-4786	425	0.028103
359	FT911-5200	426	0.028055
359	FT911-821	427	0.028026
359	FT911-1731	428	0.028023
359	FT911-1066	429	0.027924
359	FT911-3721	430	0.027913
359	FT911-628	431	0.027857
359	FT911-1205	432	0.027831
359	FT911-2689	433	0.027809
359	FT911-3362	434	0.027806
359	FT911-3230	435	0.027723
359	FT911-4396	436	0.027674
359	FT911-4486	437	0.027636
359	FT911-1355	438	0.027609
359	FT911-4005	439	0.027564
359	FT911-4615	440	0.027513
359	FT911-4213	441	0.027488
359	FT911-3494	442	0.027481
359	FT911-152	443	0.027481
359	FT911-999	444	0.027372
359	FT911-1848	445	0.027345
359	FT911-312	446	0.027338
359	FT911-4972	447	0.027222
359	FT911-1592	448	0.027215
359	FT911-4339	449	0.027210
359	FT911-4224	450	0.027173
359	FT911-1803	451	0.027170
359	FT911-2388	452	0.027108
359	FT911-5114	453	0.027091
359	FT911-4938	454	0.027080
359	FT911-855	455	0.027066
359	FT911-1688	456	0.027032
359	FT911-2437	457	0.027020
359	FT911-2798	458	0.026961
359	FT911-2776	459	0.026909
359	FT911-2334	460	0.026898
359	FT911-508	461	0.026883
359	FT911-2287	462	0.026830
359	FT911-3890	463	0.026815
359	FT911-3939	464	0.026814
359	FT911-3293	465	0.026813
359	FT911-4848	466	0.026788
359	FT911-4384	467	0.026646
359	FT911-2993	468	0.026623
359	FT911-2627	469	0.026616
359	FT911-3921	470	0.026600
359	FT911-2657	471	0.026521
359	FT911-1077	472	0.026487
359	FT911-4596	473	0.026464
359	FT911-3209	474	0.026461
359	FT911-4935	475	0.026426
359	FT911-1700	476	0.026417
359	FT911-1541	477	0.026408
359	FT911-4538	478	0.026307
359	FT911-2696	479	0.026236
359	FT911-646	480	0.026226
359	FT911-2663	481	0.026180
359	FT911-1741	482	0.026140
359	FT911-1576	483	0.026075
359	FT911-3945	484	0.026070
359	FT911-190	485	0.026013
359	FT911-2161	486	0.025990
359	FT911-374	487	0.025986
359	FT911-2984	488	0.025947
359	FT911-598	489	0.025920
359	FT911-1534	490	0.025891
359	FT911-1760	491	0.025884
359	FT911-4027	492	0.025811
359	FT911-1601	493	0.025806
359	FT911-3118	494	0.025721
359	FT911-1712	495	0.025669
359	FT911-2816	496	0.025584
359	FT911-627	497	0.025576
359	FT911-2651	498	0.025514
359	FT911-3012	499	0.025462
359	FT911-1316	500	0.025424
359	FT911-4554	501	0.025358
359	FT911-630	502	0.025305
359	FT911-5317	503	0.025302
359	FT911-3044	504	0.025240
359	FT911-1616	505	0.025240
359	FT911-899	506	0.025171
359	FT911-5309	507	0.025171
359	FT911-4002	508	0.025153
359	FT911-4119	509	0.025099
359	FT911-5102	510	0.025058
359	FT911-5296	511	0.025020
359	FT911-2865	512	0.024989
359	FT911-2924	513	0.024976
359	FT911-3027	514	0.024938
359	FT911-2067	515	0.024933
359	FT911-1729	516	0.024888
359	FT911-2615	517	0.024862
359	FT911-531	518	0.024850
359	FT911-1831	519	0.024846
359	FT911-336	520	0.024814
359	FT911-3289	521	0.024780
359	FT911-2999	522	0.024755
359	FT911-3229	523	0.024744
359	FT911-810	524	0.024678
359	FT911-5116	525	0.024614
359	FT911-3004	526	0.024587
359	FT911-3183	527	0.024562
359	FT911-2548	528	0.024534
359	FT911-436	529	0.024480
359	FT911-1018	530	0.024472
359	FT911-4531	531	0.024459
359	FT911-1147	532	0.024456
359	FT911-3643	533	0.024401
359	FT911-1027	534	0.024369
359	FT911-2197	535	0.024316
359	FT911-4225	536	0.024301
359	FT911-3210	537	0.024283
359	FT911-3617	538	0.024236
359	FT911-3001	539	0.024234
359	FT911-1836	540	0.024162
359	FT911-3726	541	0.024150
359	FT911-33	542	0.024096
359	FT911-1499	543	0.024074
359	FT911-3825	544	0.024071
359	FT911-1070	545	0.024066
359	FT911-35	546	0.024049
359	FT911-3872	547	0.024036
359	FT911-4257	548	0.024019
359	FT911-3604	549	0.024005
359	FT911-888	550	0.023973
359	FT911-22	551	0.023929
359	FT911-3259	552	0.023879
359	FT911-765	553	0.023799
359	FT911-3626	554	0.023762
359	FT911-2687	555	0.023757
359	FT911-4904	556	0.023731
359	FT911-2772	557	0.023681
359	FT911-3215	558	0.023677
359	FT911-3167	559	0.023651
359	FT911-2451	560	0.023637
359	FT911-2259	561	0.023626
359	FT911-1978	562	0.023625
359	FT911-3752	563	0.023556
359	FT911-201	564	0.023539
359	FT911-1026	565	0.023534
359	FT911-1056	566	0.023483
359	FT911-2165	567	0.023482
359	FT911-951	568	0.023473
359	FT911-2240	569	0.023354
359	FT911-2619	570	0.023336
359	FT911-294	571	0.023334
359	FT911-2879	572	0.023291
359	FT911-3435	573	0.023233
359	FT911-1462	574	0.023215
359	FT911-936	575	0.023191
359	FT911-1140	576	0.023190
359	FT911-4054	577	0.023171
359	FT911-1827	578	0.023169
359	FT911-3408	579	0.023131
359	FT911-4720	580	0.023095
359	FT911-5190	581	0.023090
359	FT911-1174	582	0.023048
359	FT911-435	583	0.022983
359	FT911-1264	584	0.022978
359	FT911-141	585	0.022977
359	FT911-3067	586	0.022955
359	FT911-2848	587	0.022934
359	FT911-725	588	0.022858
359	FT911-2174	589	0.022821
359	FT911-2656	590	0.022742
359	FT911-270	591	0.022660
359	FT911-1372	592	0.022648
359	FT911-2626	593	0.022618
359	FT911-3032	594	0.022601
359	FT911-3701	595	0.022548
359	FT911-5323	596	0.022526
359	FT911-1615	597	0.022516
359	FT911-2920	598	0.022511
359	FT911-1440	599	0.022392
359	FT911-2406	600	0.022384
359	FT911-3864	601	0.022376
359	FT911-4849	602	0.022372
359	FT911-2486	603	0.022358
359	FT911-3014	604	0.022316
359	FT911-4962	605	0.022309
359	FT911-4663	606	0.022298
359	FT911-2082	607	0.022288
359	FT911-3003	608	0.022209
359	FT911-2286	609	0.022188
359	FT911-226	610	0.022130
359	FT911-2343	611	0.022102
359	FT911-2714	612	0.022033
359	FT911-2671	613	0.022026
359	FT911-4821	614	0.022009
359	FT911-4551	615	0.021985
359	FT911-3551	616	0.021983
359	FT911-2298	617	0.021923
359	FT911-5158	618	0.021895
359	FT911-3895	619	0.021894
359	FT911-3398	620	0.021874
359	FT911-852	621	0.021860
359	FT911-5295	622	0.021855
359	FT911-3909	623	0.021832
359	FT911-4307	624	0.021790
359	FT911-2569	625	0.021740
359	FT911-2940	626	0.021721
359	FT911-4324	627	0.021702
359	FT911-4785	628	0.021666
359	FT911-1194	629	0.021660
359	FT911-5186	630	0.021650
359	FT911-3911	631	0.021641
359	FT911-24	632	0.021603
359	FT911-505	633	0.021586
359	FT911-1953	634	0.021573
359	FT911-1635	635	0.021519
359	FT911-4585	636	0.021473
359	FT911-3420	637	0.021464
359	FT911-5068	638	0.021425
359	FT911-4890	639	0.021402
359	FT911-2555	640	0.021398
359	FT911-4450	641	0.021351
359	FT911-3141	642	0.021337
359	FT911-1431	643	0.021325
359	FT911-1065	644	0.021288
359	FT911-1979	645	0.021285
359	FT911-5196	646	0.021192
359	FT911-4699	647	0.021081
359	FT911-4334	648	0.021079
359	FT911-3237	649	0.021027
359	FT911-2893	650	0.020943
359	FT911-1107	651	0.020924
359	FT911-3307	652	0.020914
359	FT911-3241	653	0.020897
359	FT911-1929	654	0.020878
359	FT911-1384	655	0.020819
359	FT911-2844	656	0.020815
359	FT911-607	657	0.020813
359	FT911-1195	658	0.020801
359	FT911-1842	659	0.020774
359	FT911-1296	660	0.020761
359	FT911-4792	661	0.020748
359	FT911-4013	662	0.020740
359	FT911-5253	663	0.020730
359	FT911-521	664	0.020685
359	FT911-1614	665	0.020653
359	FT911-142	666	0.020615
359	FT911-460	667	0.020581
359	FT911-738	668	0.020562
359	FT911-729	669	0.020547
359	FT911-4059	670	0.020545
359	FT911-3096	671	0.020513
359	FT911-4661	672	0.020508
359	FT911-2620	673	0.020482
359	FT911-131	674	0.020447
359	FT911-1209	675	0.020447
359	FT911-3111	676	0.020440
359	FT911-4432	677	0.020410
359	FT911-1105	678	0.020402
359	FT911-3023	679	0.020377
359	FT911-5303	680	0.020375
359	FT911-530	681	0.020357
359	FT911-298	682	0.020351
359	FT911-324	683	0.020246
359	FT911-1186	684	0.020188
359	FT911-4740	685	0.020152
359	FT911-488	686	0.020129
359	FT911-4447	687	0.020125
359	FT911-1263	688	0.020076
359	FT911-2068	689	0.020009
359	FT911-3669	690	0.019981
359	FT911-3620	691	0.019969
359	FT911-4928	692	0.019962
359	FT911-4437	693	0.019934
359	FT911-3781	694	0.019932
359	FT911-2842	695	0.019932
359	FT911-2853	696	0.019913
359	FT911-154	697	0.019895
359	FT911-791	698	0.019850
359	FT911-635	699	0.019839
359	FT911-3347	700	0.019822
359	FT911-5122	701	0.019819
359	FT911-1063	702	0.019808
359	FT911-3607	703	0.019788
359	FT911-4073	704	0.019777
359	FT911-5252	705	0.019760
359	FT911-512	706	0.019758
359	FT911-4315	707	0.019729
359	FT911-2602	708	0.019725
359	FT911-129	709	0.019721
359	FT911-4824	710	0.019666
359	FT911-3443	711	0.019666
359	FT911-4889	712	0.019640
359	FT911-3952	713	0.019616
359	FT911-4442	714	0.019593
359	FT911-4226	715	0.019578
359	FT911-2297	716	0.019573
359	FT911-401	717	0.019572
359	FT911-326	718	0.019570
359	FT911-829	719	0.019560
359	FT911-1696	720	0.019553
359	FT911-2967	721	0.019544
359	FT911-384	722	0.019542
359	FT911-799	723	0.019519
359	FT911-3783	724	0.019487
359	FT911-3596	725	0.019477
359	FT911-3670	726	0.019440
359	FT911-4253	727	0.019438
359	FT911-3900	728	0.019432
359	FT911-2864	729	0.019427
359	FT911-4102	730	0.019426
359	FT911-585	731	0.019411
359	FT911-4774	732	0.019411
359	FT911-3414	733	0.019369
359	FT911-2980	734	0.019284
359	FT911-3629	735	0.019263
359	FT911-4458	736	0.019220
359	FT911-1764	737	0.019202
359	FT911-3046	738	0.019187
359	FT911-2503	739	0.019180
359	FT911-603	740	0.019172
359	FT911-687	741	0.019161
359	FT911-1564	742	0.019151
359	FT911-930	743	0.019129
359	FT911-957	744	0.019121
359	FT911-2102	745	0.019099
359	FT911-5172	746	0.019031
359	FT911-4574	747	0.019029
359	FT911-3077	748	0.019021
359	FT911-1720	749	0.019017
359	FT911-2683	750	0.018993
359	FT911-5339	751	0.018983
359	FT911-4665	752	0.018961
359	FT911-20	753	0.018960
359	FT911-3117	754	0.018945
359	FT911-3018	755	0.018916
359	FT911-461	756	0.018900
359	FT911-5020	757	0.018896
359	FT911-3024	758	0.018887
359	FT911-4697	759	0.018869
359	FT911-1699	760	0.018850
359	FT911-2882	761	0.018842
359	FT911-2386	762	0.018842
359	FT911-2419	763	0.018819
359	FT911-4137	764	0.018802
359	FT911-2055	765	0.018790
359	FT911-1050	766	0.018783
359	FT911-4680	767	0.018774
359	FT911-27	768	0.018772
359	FT911-341	769	0.018742
359	FT911-1302	770	0.018701
359	FT911-3038	771	0.018693
359	FT911-4875	772	0.018683
359	FT911-3499	773	0.018659
359	FT911-4391	774	0.018649
359	FT911-288	775	0.018630
359	FT911-2118	776	0.018615
359	FT911-1950	777	0.018592
359	FT911-2854	778	0.018591
359	FT911-1639	779	0.018584
359	FT911-3187	780	0.018556
359	FT911-396	781	0.018535
359	FT911-2466	782	0.018521
359	FT911-1664	783	0.018495
359	FT911-1985	784	0.018466
359	FT911-2524	785	0.018458
359	FT911-1934	786	0.018433
359	FT911-148	787	0.018430
359	FT911-2236	788	0.018407
359	FT911-3363	789	0.018406
359	FT911-1459	790	0.018400
359	FT911-1495	791	0.018351
359	FT911-1245	792	0.018348
359	FT911-5124	793	0.018336
359	FT911-2230	794	0.018324
359	FT911-1005	795	0.018322
359	FT911-1265	796	0.018303
359	FT911-4060	797	0.018301
359	FT911-4121	798	0.018297
359	FT911-264	799	0.018294
359	FT911-4034	800	0.018280
359	FT911-2736	801	0.018251
359	FT911-2557	802	0.018234
359	FT911-2115	803	0.018233
359	FT911-4894	804	0.018211
359	FT911-3110	805	0.018183
359	FT911-5119	806	0.018178
359	FT911-3627	807	0.018164
359	FT911-184	808	0.018131
359	FT911-844	809	0.018128
359	FT911-5029	810	0.018091
359	FT911-842	811	0.018068
359	FT911-4913	812	0.018032
359	FT911-3742	813	0.018022
359	FT911-2595	814	0.018022
359	FT911-2677	815	0.018014
359	FT911-4700	816	0.018011
359	FT911-5023	817	0.017961
359	FT911-3917	818	0.017947
359	FT911-1208	819	0.017930
359	FT911-4921	820	0.017904
359	FT911-5264	821	0.017892
359	FT911-39	822	0.017859
359	FT911-5075	823	0.017832
359	FT911-1303	824	0.017815
359	FT911-3571	825	0.017801
359	FT911-1965	826	0.017801
359	FT911-4051	827	0.017790
359	FT911-2911	828	0.017784
359	FT911-4153	829	0.017781
359	FT911-5269	830	0.017759
359	FT911-576	831	0.017758
359	FT911-2566	832	0.017731
359	FT911-4825	833	0.017729
359	FT911-5049	834	0.017713
359	FT911-267	835	0.017706
359	FT911-4552	836	0.017701
359	FT911-550	837	0.017684
359	FT911-1043	838	0.017680
359	FT911-2995	839	0.017678
359	FT911-976	840	0.017673
359	FT911-3438	841	0.017645
359	FT911-3026	842	0.017603
359	FT911-4240	843	0.017595
359	FT911-2054	844	0.017551
359	FT911-1539	845	0.017515
359	FT911-1781	846	0.017399
359	FT911-3327	847	0.017390
359	FT911-4433	848	0.017371
359	FT911-3663	849	0.017361
359	FT911-92	850	0.017358
359	FT911-1343	851	0.017353
359	FT911-5041	852	0.017352
359	FT911-2196	853	0.017327
359	FT911-903	854	0.017320
359	FT911-1617	855	0.017303
359	FT911-5111	856	0.017245
359	FT911-4459	857	0.017211
359	FT911-4140	858	0.017195
359	FT911-1600	859	0.017181
359	FT911-1069	860	0.017149
359	FT911-210	861	0.017147
359	FT911-2299	862	0.017134
359	FT911-2336	863	0.017128
359	FT911-2038	864	0.017108
359	FT911-2267	865	0.017105
359	FT911-4902	866	0.017079
359	FT911-2717	867	0.017068
359	FT911-1868	868	0.017060
359	FT911-4237	869	0.017044
359	FT911-2420	870	0.017015
359	FT911-4040	871	0.017004
359	FT911-3462	872	0.016920
359	FT911-1029	873	0.016900
359	FT911-325	874	0.016882
359	FT911-5058	875	0.016840
359	FT911-5035	876	0.016835
359	FT911-3163	877	0.016833
359	FT911-546	878	0.016801
359	FT911-1691	879	0.016794
359	FT911-3833	880	0.016784
359	FT911-4664	881	0.016783
359	FT911-187	882	0.016748
359	FT911-2341	883	0.016744
359	FT911-3345	884	0.016710
359	FT911-1154	885	0.016686
359	FT911-3354	886	0.016681
359	FT911-2128	887	0.016671
359	FT911-4739	888	0.016652
359	FT911-3342	889	0.016651
359	FT911-4294	890	0.016645
359	FT911-2726	891	0.016634
359	FT911-3578	892	0.016628
359	FT911-3098	893	0.016617
359	FT911-3487	894	0.016581
359	FT911-2539	895	0.016577
359	FT911-904	896	0.016558
359	FT911-3407	897	0.016534
359	FT911-5019	898	0.016522
359	FT911-1191	899	0.016475
359	FT911-1780	900	0.016450
359	FT911-4741	901	0.016447
359	FT911-1204	902	0.016438
359	FT911-1862	903	0.016430
359	FT911-1042	904	0.016417
359	FT911-686	905	0.016414
359	FT911-3794	906	0.016395
359	FT911-2223	907	0.016372
359	FT911-36	908	0.016342
359	FT911-640	909	0.016285
359	FT911-3417	910	0.016282
359	FT911-3886	911	0.016281
359	FT911-4863	912	0.016279
359	FT911-2551	913	0.016257
359	FT911-1124	914	0.016232
359	FT911-282	915	0.016193
359	FT911-2909	916	0.016159
359	FT911-1123	917	0.016153
359	FT911-5255	918	0.016135
359	FT911-1763	919	0.016134
359	FT911-4675	920	0.016132
359	FT911-1389	921	0.016124
359	FT911-1432	922	0.016096
359	FT911-1408	923	0.016093
359	FT911-2510	924	0.016065
359	FT911-469	925	0.016040
359	FT911-1815	926	0.015982
359	FT911-5291	927	0.015969
359	FT911-3413	928	0.015959
359	FT911-1122	929	0.015956
359	FT911-2514	930	0.015940
359	FT911-2928	931	0.015912
359	FT911-1546	932	0.015909
359	FT911-3623	933	0.015900
359	FT911-216	934	0.015891
359	FT911-1080	935	0.015875
359	FT911-564	936	0.015858
359	FT911-1971	937	0.015851
359	FT911-4278	938	0.015841
359	FT911-1792	939	0.015836
359	FT911-992	940	0.015833
359	FT911-5098	941	0.015819
359	FT911-3537	942	0.015816
359	FT911-3323	943	0.015707
359	FT911-272	944	0.015706
359	FT911-3333	945	0.015703
359	FT911-2181	946	0.015648
359	FT911-2027	947	0.015598
359	FT911-2353	948	0.015565
359	FT911-1379	949	0.015560
359	FT911-1464	950	0.015560
359	FT911-3711	951	0.015555
359	FT911-1207	952	0.015551
359	FT911-5206	953	0.015546
359	FT911-4353	954	0.015533
359	FT911-3876	955	0.015529
359	FT911-548	956	0.015464
359	FT911-3987	957	0.015455
359	FT911-1552	958	0.015453
359	FT911-5254	959	0.015443
359	FT911-3708	960	0.015436
359	FT911-3256	961	0.015400
359	FT911-3729	962	0.015398
359	FT911-1371	963	0.015392
359	FT911-1404	964	0.015368
359	FT911-3336	965	0.015365
359	FT911-12	966	0.015340
359	FT911-626	967	0.015335
359	FT911-1661	968	0.015333
359	FT911-5231	969	0.015327
359	FT911-2649	970	0.015323
359	FT911-1623	971	0.015316
359	FT911-3929	972	0.015298
359	FT911-2395	973	0.015272
359	FT911-1946	974	0.015255
359	FT911-1356	975	0.015245
359	FT911-927	976	0.015228
359	FT911-3786	977	0.015201
359	FT911-524	978	0.015195
359	FT911-4455	979	0.015179
359	FT911-2438	980	0.015151
359	FT911-615	981	0.015146
359	FT911-3468	982	0.015128
359	FT911-2700	983	0.015121
359	FT911-1682	984	0.015091
359	FT911-3919	985	0.015084
359	FT911-4657	986	0.015080
359	FT911-2622	987	0.015076
359	FT911-2636	988	0.015072
359	FT911-2185	989	0.015072
359	FT911-1554	990	0.015032
359	FT911-3585	991	0.015027
359	FT911-3849	992	0.015008
359	FT911-912	993	0.014997
359	FT911-3672	994	0.014978
359	FT911-4039	995	0.014974
359	FT911-4306	996	0.014972
359	FT911-2243	997	0.014966
359	FT911-2833	998	0.014946
359	FT911-3506	999	0.014927
359	FT911-4015	1000	0.014906
