352	FT911-91	1	0.136550
352	FT911-4348	2	0.130569
352	FT911-3973	3	0.129540
352	FT911-2046	4	0.114631
352	FT911-802	5	0.112035
352	FT911-428	6	0.110928
352	FT911-1280	7	0.107268
352	FT911-4643	8	0.106888
352	FT911-5193	9	0.106360
352	FT911-5293	10	0.105672
352	FT911-4561	11	0.102568
352	FT911-1265	12	0.099789
352	FT911-4569	13	0.098669
352	FT911-4798	14	0.096981
352	FT911-2017	15	0.096938
352	FT911-520	16	0.096815
352	FT911-4784	17	0.096720
352	FT911-2605	18	0.096517
352	FT911-2714	19	0.096310
352	FT911-5096	20	0.096142
352	FT911-3356	21	0.096107
352	FT911-1868	22	0.093966
352	FT911-3767	23	0.093717
352	FT911-3259	24	0.093649
352	FT911-4786	25	0.092775
352	FT911-1198	26	0.092229
352	FT911-5249	27	0.092084
352	FT911-1122	28	0.090785
352	FT911-3665	29	0.090780
352	FT911-787	30	0.090363
352	FT911-1563	31	0.089802
352	FT911-5238	32	0.089337
352	FT911-5178	33	0.089305
352	FT911-2956	34	0.088749
352	FT911-2222	35	0.088710
352	FT911-908	36	0.088613
352	FT911-3442	37	0.088468
352	FT911-5239	38	0.087787
352	FT911-4856	39	0.087716
352	FT911-4645	40	0.086919
352	FT911-1766	41	0.086713
352	FT911-3917	42	0.085420
352	FT911-3720	43	0.085382
352	FT911-2740	44	0.085314
352	FT911-2618	45	0.085179
352	FT911-3618	46	0.084210
352	FT911-721	47	0.083738
352	FT911-1098	48	0.083365
352	FT911-5051	49	0.082917
352	FT911-3866	50	0.082869
352	FT911-3168	51	0.082852
352	FT911-276	52	0.082361
352	FT911-4582	53	0.081870
352	FT911-1384	54	0.081551
352	FT911-4447	55	0.080791
352	FT911-2054	56	0.080311
352	FT911-3108	57	0.080268
352	FT911-3246	58	0.079827
352	FT911-2117	59	0.079792
352	FT911-2306	60	0.079246
352	FT911-1362	61	0.079048
352	FT911-2126	62	0.078718
352	FT911-3020	63	0.078680
352	FT911-4772	64	0.078502
352	FT911-4837	65	0.078225
352	FT911-1768	66	0.077444
352	FT911-5342	67	0.077442
352	FT911-133	68	0.077265
352	FT911-4017	69	0.077178
352	FT911-3876	70	0.077084
352	FT911-2280	71	0.076781
352	FT911-511	72	0.076640
352	FT911-4349	73	0.076575
352	FT911-3261	74	0.076520
352	FT911-106	75	0.076418
352	FT911-5248	76	0.075914
352	FT911-3135	77	0.075869
352	FT911-3535	78	0.075763
352	FT911-3895	79	0.075716
352	FT911-3432	80	0.075437
352	FT911-943	81	0.075173
352	FT911-4575	82	0.075166
352	FT911-3276	83	0.075099
352	FT911-4327	84	0.075028
352	FT911-4799	85	0.074738
352	FT911-2763	86	0.074737
352	FT911-3370	87	0.074702
352	FT911-632	88	0.074655
352	FT911-2569	89	0.074545
352	FT911-3445	90	0.074205
352	FT911-3345	91	0.074065
352	FT911-3435	92	0.073543
352	FT911-3930	93	0.073498
352	FT911-3977	94	0.073245
352	FT911-1222	95	0.072730
352	FT911-3079	96	0.072686
352	FT911-610	97	0.072483
352	FT911-376	98	0.072407
352	FT911-3393	99	0.072318
352	FT911-4458	100	0.072297
352	FT911-5231	101	0.071961
352	FT911-3106	102	0.071894
352	FT911-4176	103	0.071480
352	FT911-2948	104	0.071443
352	FT911-5179	105	0.071436
352	FT911-2451	106	0.071341
352	FT911-808	107	0.071276
352	FT911-3392	108	0.071082
352	FT911-3258	109	0.070912
352	FT911-3922	110	0.070838
352	FT911-2756	111	0.070788
352	FT911-3787	112	0.070613
352	FT911-1769	113	0.070448
352	FT911-783	114	0.070428
352	FT911-2648	115	0.070350
352	FT911-2107	116	0.070186
352	FT911-4544	117	0.069974
352	FT911-1275	118	0.069971
352	FT911-1114	119	0.069941
352	FT911-5325	120	0.069933
352	FT911-3235	121	0.069787
352	FT911-1857	122	0.069755
352	FT911-4271	123	0.069666
352	FT911-1964	124	0.069634
352	FT911-4887	125	0.069458
352	FT911-3433	126	0.068907
352	FT911-4814	127	0.068877
352	FT911-1031	128	0.068843
352	FT911-2420	129	0.068810
352	FT911-1522	130	0.068715
352	FT911-3438	131	0.068705
352	FT911-4258	132	0.068635
352	FT911-4585	133	0.068628
352	FT911-1318	134	0.068529
352	FT911-2523	135	0.068525
352	FT911-5339	136	0.068463
352	FT911-4701	137	0.068367
352	FT911-2383	138	0.068362
352	FT911-3529	139	0.068182
352	FT911-1174	140	0.068081
352	FT911-2697	141	0.068014
352	FT911-38	142	0.067992
352	FT911-559	143	0.067989
352	FT911-1693	144	0.067975
352	FT911-1542	145	0.067855
352	FT911-5040	146	0.067787
352	FT911-5356	147	0.067746
352	FT911-2300	148	0.067729
352	FT911-1002	149	0.067693
352	FT911-5072	150	0.067657
352	FT911-411	151	0.067543
352	FT911-3547	152	0.067438
352	FT911-2522	153	0.067274
352	FT911-2276	154	0.067105
352	FT911-618	155	0.066815
352	FT911-2699	156	0.066813
352	FT911-5296	157	0.066711
352	FT911-4319	158	0.066678
352	FT911-3241	159	0.066645
352	FT911-2116	160	0.066590
352	FT911-1944	161	0.066515
352	FT911-994	162	0.066098
352	FT911-4466	163	0.066092
352	FT911-3100	164	0.066027
352	FT911-2118	165	0.065979
352	FT911-2197	166	0.065961
352	FT911-3933	167	0.065938
352	FT911-3409	168	0.065922
352	FT911-3737	169	0.065901
352	FT911-2644	170	0.065578
352	FT911-3522	171	0.065560
352	FT911-2696	172	0.065547
352	FT911-1651	173	0.065301
352	FT911-3274	174	0.065261
352	FT911-4118	175	0.065146
352	FT911-2532	176	0.065138
352	FT911-563	177	0.065109
352	FT911-318	178	0.065093
352	FT911-3755	179	0.065038
352	FT911-873	180	0.064911
352	FT911-419	181	0.064815
352	FT911-2994	182	0.064804
352	FT911-1296	183	0.064789
352	FT911-450	184	0.064709
352	FT911-1492	185	0.064651
352	FT911-5196	186	0.064622
352	FT911-3153	187	0.064597
352	FT911-2549	188	0.064593
352	FT911-5057	189	0.064560
352	FT911-1070	190	0.064549
352	FT911-5091	191	0.064468
352	FT911-1067	192	0.064459
352	FT911-2652	193	0.064405
352	FT911-3761	194	0.064291
352	FT911-2897	195	0.064046
352	FT911-2277	196	0.064014
352	FT911-3753	197	0.063732
352	FT911-1197	198	0.063645
352	FT911-2060	199	0.063632
352	FT911-241	200	0.063563
352	FT911-2602	201	0.063432
352	FT911-3509	202	0.063411
352	FT911-5357	203	0.063342
352	FT911-429	204	0.063307
352	FT911-5232	205	0.063270
352	FT911-4656	206	0.062971
352	FT911-3909	207	0.062793
352	FT911-801	208	0.062763
352	FT911-2755	209	0.062744
352	FT911-601	210	0.062668
352	FT911-2177	211	0.062248
352	FT911-328	212	0.062202
352	FT911-4976	213	0.062157
352	FT911-729	214	0.062106
352	FT911-5186	215	0.061869
352	FT911-4044	216	0.061865
352	FT911-3050	217	0.061768
352	FT911-4518	218	0.061765
352	FT911-399	219	0.061731
352	FT911-3853	220	0.061685
352	FT911-1619	221	0.061610
352	FT911-4059	222	0.061603
352	FT911-3361	223	0.061510
352	FT911-121	224	0.061284
352	FT911-3951	225	0.061261
352	FT911-366	226	0.061167
352	FT911-1455	227	0.061062
352	FT911-4104	228	0.061022
352	FT911-508	229	0.060951
352	FT911-297	230	0.060835
352	FT911-3109	231	0.060728
352	FT911-3948	232	0.060596
352	FT911-3534	233	0.060553
352	FT911-3915	234	0.060513
352	FT911-5156	235	0.060493
352	FT911-1755	236	0.060477
352	FT911-2279	237	0.060431
352	FT911-3645	238	0.060368
352	FT911-4727	239	0.060342
352	FT911-417	240	0.060260
352	FT911-2456	241	0.060180
352	FT911-4095	242	0.060171
352	FT911-4687	243	0.060120
352	FT911-2152	244	0.060039
352	FT911-4263	245	0.059973
352	FT911-2315	246	0.059955
352	FT911-2621	247	0.059934
352	FT911-3354	248	0.059875
352	FT911-765	249	0.059821
352	FT911-4489	250	0.059778
352	FT911-3923	251	0.059737
352	FT911-2572	252	0.059647
352	FT911-3269	253	0.059646
352	FT911-4959	254	0.059541
352	FT911-849	255	0.059445
352	FT911-1804	256	0.059345
352	FT911-4270	257	0.059331
352	FT911-4778	258	0.059288
352	FT911-2176	259	0.059209
352	FT911-3726	260	0.059208
352	FT911-5052	261	0.059142
352	FT911-1529	262	0.059095
352	FT911-5098	263	0.059048
352	FT911-2557	264	0.059030
352	FT911-1200	265	0.058864
352	FT911-2580	266	0.058757
352	FT911-2267	267	0.058586
352	FT911-3169	268	0.058569
352	FT911-937	269	0.058546
352	FT911-775	270	0.058457
352	FT911-3132	271	0.058420
352	FT911-5326	272	0.058411
352	FT911-3929	273	0.058382
352	FT911-5175	274	0.058368
352	FT911-63	275	0.058331
352	FT911-4372	276	0.058323
352	FT911-1528	277	0.058238
352	FT911-262	278	0.058169
352	FT911-1436	279	0.058136
352	FT911-2843	280	0.058096
352	FT911-4119	281	0.058092
352	FT911-4818	282	0.057944
352	FT911-682	283	0.057915
352	FT911-3104	284	0.057854
352	FT911-3372	285	0.057827
352	FT911-1087	286	0.057826
352	FT911-3793	287	0.057804
352	FT911-804	288	0.057802
352	FT911-637	289	0.057784
352	FT911-433	290	0.057731
352	FT911-3947	291	0.057727
352	FT911-3278	292	0.057699
352	FT911-4622	293	0.057681
352	FT911-3236	294	0.057626
352	FT911-1427	295	0.057616
352	FT911-2141	296	0.057563
352	FT911-635	297	0.057361
352	FT911-4514	298	0.057290
352	FT911-1305	299	0.057285
352	FT911-2424	300	0.057263
352	FT911-4110	301	0.057262
352	FT911-2650	302	0.057234
352	FT911-4821	303	0.057218
352	FT911-4519	304	0.057186
352	FT911-2560	305	0.057139
352	FT911-3387	306	0.057127
352	FT911-3273	307	0.057116
352	FT911-2573	308	0.057086
352	FT911-4043	309	0.057070
352	FT911-2718	310	0.057008
352	FT911-4847	311	0.056946
352	FT911-440	312	0.056870
352	FT911-341	313	0.056797
352	FT911-4341	314	0.056771
352	FT911-2133	315	0.056754
352	FT911-5177	316	0.056522
352	FT911-2589	317	0.056506
352	FT911-1633	318	0.056410
352	FT911-3790	319	0.056379
352	FT911-2649	320	0.056285
352	FT911-1553	321	0.056230
352	FT911-284	322	0.056105
352	FT911-2070	323	0.055969
352	FT911-274	324	0.055921
352	FT911-4680	325	0.055908
352	FT911-3960	326	0.055898
352	FT911-2510	327	0.055819
352	FT911-3494	328	0.055701
352	FT911-1225	329	0.055692
352	FT911-1300	330	0.055684
352	FT911-134	331	0.055676
352	FT911-2658	332	0.055656
352	FT911-1250	333	0.055608
352	FT911-1695	334	0.055568
352	FT911-628	335	0.055461
352	FT911-3769	336	0.055461
352	FT911-5038	337	0.055372
352	FT911-137	338	0.055359
352	FT911-4168	339	0.055338
352	FT911-1951	340	0.055335
352	FT911-4120	341	0.055288
352	FT911-166	342	0.055172
352	FT911-4150	343	0.055153
352	FT911-4066	344	0.054995
352	FT911-317	345	0.054962
352	FT911-4748	346	0.054951
352	FT911-3635	347	0.054872
352	FT911-3053	348	0.054861
352	FT911-2002	349	0.054826
352	FT911-2617	350	0.054805
352	FT911-460	351	0.054770
352	FT911-697	352	0.054724
352	FT911-221	353	0.054705
352	FT911-3103	354	0.054677
352	FT911-4178	355	0.054544
352	FT911-3504	356	0.054526
352	FT911-2207	357	0.054507
352	FT911-4653	358	0.054489
352	FT911-4479	359	0.054469
352	FT911-1461	360	0.054458
352	FT911-578	361	0.054429
352	FT911-4896	362	0.054403
352	FT911-2980	363	0.054389
352	FT911-1367	364	0.054376
352	FT911-3772	365	0.054372
352	FT911-132	366	0.054363
352	FT911-1678	367	0.054292
352	FT911-3322	368	0.054284
352	FT911-3886	369	0.054282
352	FT911-416	370	0.054235
352	FT911-4816	371	0.054202
352	FT911-1595	372	0.054084
352	FT911-2488	373	0.054083
352	FT911-3914	374	0.054056
352	FT911-519	375	0.053984
352	FT911-4790	376	0.053962
352	FT911-3414	377	0.053960
352	FT911-21	378	0.053937
352	FT911-3410	379	0.053909
352	FT911-2422	380	0.053886
352	FT911-4325	381	0.053854
352	FT911-1625	382	0.053837
352	FT911-794	383	0.053811
352	FT911-3407	384	0.053808
352	FT911-5063	385	0.053752
352	FT911-1671	386	0.053690
352	FT911-968	387	0.053662
352	FT911-2332	388	0.053647
352	FT911-4206	389	0.053644
352	FT911-2564	390	0.053595
352	FT911-884	391	0.053579
352	FT911-5364	392	0.053567
352	FT911-738	393	0.053539
352	FT911-4020	394	0.053510
352	FT911-2829	395	0.053475
352	FT911-5264	396	0.053471
352	FT911-4122	397	0.053451
352	FT911-5185	398	0.053382
352	FT911-4734	399	0.053363
352	FT911-4606	400	0.053262
352	FT911-4767	401	0.053258
352	FT911-902	402	0.053248
352	FT911-2964	403	0.053180
352	FT911-3968	404	0.053135
352	FT911-5307	405	0.053112
352	FT911-265	406	0.053110
352	FT911-3710	407	0.053072
352	FT911-2187	408	0.053060
352	FT911-1344	409	0.053044
352	FT911-4193	410	0.053042
352	FT911-1792	411	0.052948
352	FT911-2774	412	0.052904
352	FT911-392	413	0.052894
352	FT911-1304	414	0.052831
352	FT911-3662	415	0.052802
352	FT911-2991	416	0.052744
352	FT911-2757	417	0.052627
352	FT911-734	418	0.052618
352	FT911-5059	419	0.052465
352	FT911-3157	420	0.052436
352	FT911-4962	421	0.052426
352	FT911-2305	422	0.052340
352	FT911-2512	423	0.052280
352	FT911-4247	424	0.052269
352	FT911-2392	425	0.052252
352	FT911-3607	426	0.052241
352	FT911-4068	427	0.052231
352	FT911-788	428	0.052227
352	FT911-4792	429	0.052168
352	FT911-1134	430	0.052154
352	FT911-2374	431	0.052087
352	FT911-4914	432	0.052045
352	FT911-2343	433	0.052042
352	FT911-2600	434	0.051996
352	FT911-4852	435	0.051995
352	FT911-4735	436	0.051983
352	FT911-800	437	0.051949
352	FT911-5246	438	0.051938
352	FT911-2700	439	0.051856
352	FT911-625	440	0.051829
352	FT911-4918	441	0.051719
352	FT911-3349	442	0.051719
352	FT911-4655	443	0.051691
352	FT911-4651	444	0.051661
352	FT911-4216	445	0.051622
352	FT911-4031	446	0.051605
352	FT911-1578	447	0.051577
352	FT911-2457	448	0.051574
352	FT911-626	449	0.051574
352	FT911-2882	450	0.051561
352	FT911-1496	451	0.051546
352	FT911-4311	452	0.051510
352	FT911-2465	453	0.051398
352	FT911-458	454	0.051364
352	FT911-2539	455	0.051219
352	FT911-4033	456	0.051202
352	FT911-854	457	0.051196
352	FT911-3052	458	0.051148
352	FT911-2533	459	0.051138
352	FT911-5281	460	0.051078
352	FT911-4722	461	0.051073
352	FT911-3159	462	0.050994
352	FT911-4050	463	0.050972
352	FT911-2943	464	0.050968
352	FT911-131	465	0.050963
352	FT911-2421	466	0.050956
352	FT911-3408	467	0.050948
352	FT911-3733	468	0.050944
352	FT911-4559	469	0.050912
352	FT911-3013	470	0.050908
352	FT911-504	471	0.050872
352	FT911-1700	472	0.050847
352	FT911-1690	473	0.050839
352	FT911-3654	474	0.050733
352	FT911-1930	475	0.050711
352	FT911-560	476	0.050710
352	FT911-3312	477	0.050644
352	FT911-3095	478	0.050594
352	FT911-2055	479	0.050523
352	FT911-4753	480	0.050473
352	FT911-3448	481	0.050449
352	FT911-4741	482	0.050411
352	FT911-4374	483	0.050362
352	FT911-4053	484	0.050343
352	FT911-766	485	0.050334
352	FT911-2114	486	0.050306
352	FT911-3010	487	0.050302
352	FT911-5022	488	0.050281
352	FT911-2934	489	0.050254
352	FT911-3786	490	0.050242
352	FT911-1156	491	0.050222
352	FT911-791	492	0.050153
352	FT911-853	493	0.050117
352	FT911-5253	494	0.050051
352	FT911-1297	495	0.050021
352	FT911-261	496	0.050021
352	FT911-3233	497	0.050012
352	FT911-1338	498	0.049990
352	FT911-3533	499	0.049970
352	FT911-3344	500	0.049924
352	FT911-3983	501	0.049878
352	FT911-437	502	0.049864
352	FT911-3776	503	0.049845
352	FT911-4048	504	0.049799
352	FT911-3700	505	0.049770
352	FT911-2384	506	0.049635
352	FT911-3006	507	0.049610
352	FT911-1247	508	0.049599
352	FT911-3215	509	0.049503
352	FT911-2115	510	0.049479
352	FT911-5053	511	0.049471
352	FT911-1210	512	0.049409
352	FT911-4097	513	0.049408
352	FT911-2387	514	0.049404
352	FT911-1379	515	0.049402
352	FT911-4339	516	0.049393
352	FT911-213	517	0.049375
352	FT911-1673	518	0.049370
352	FT911-4879	519	0.049336
352	FT911-2675	520	0.049322
352	FT911-5236	521	0.049292
352	FT911-255	522	0.049278
352	FT911-4261	523	0.049254
352	FT911-382	524	0.049202
352	FT911-4310	525	0.049194
352	FT911-1527	526	0.049152
352	FT911-55	527	0.049100
352	FT911-3165	528	0.049084
352	FT911-2271	529	0.049072
352	FT911-2192	530	0.049008
352	FT911-535	531	0.048993
352	FT911-3561	532	0.048978
352	FT911-3137	533	0.048925
352	FT911-2758	534	0.048881
352	FT911-1353	535	0.048871
352	FT911-2693	536	0.048793
352	FT911-1089	537	0.048790
352	FT911-182	538	0.048753
352	FT911-308	539	0.048742
352	FT911-3503	540	0.048730
352	FT911-3976	541	0.048713
352	FT911-4381	542	0.048605
352	FT911-3087	543	0.048551
352	FT911-4026	544	0.048525
352	FT911-5027	545	0.048525
352	FT911-430	546	0.048521
352	FT911-253	547	0.048499
352	FT911-5265	548	0.048488
352	FT911-4636	549	0.048488
352	FT911-616	550	0.048485
352	FT911-4314	551	0.048473
352	FT911-2892	552	0.048457
352	FT911-1675	553	0.048401
352	FT911-5273	554	0.048382
352	FT911-5353	555	0.048366
352	FT911-374	556	0.048351
352	FT911-4019	557	0.048313
352	FT911-335	558	0.048283
352	FT911-855	559	0.048249
352	FT911-2093	560	0.048159
352	FT911-2468	561	0.048128
352	FT911-680	562	0.048121
352	FT911-1575	563	0.048101
352	FT911-2061	564	0.048050
352	FT911-4970	565	0.048042
352	FT911-5319	566	0.047977
352	FT911-3936	567	0.047953
352	FT911-5221	568	0.047895
352	FT911-2292	569	0.047868
352	FT911-3833	570	0.047867
352	FT911-139	571	0.047856
352	FT911-2581	572	0.047766
352	FT911-56	573	0.047758
352	FT911-307	574	0.047689
352	FT911-4201	575	0.047650
352	FT911-1491	576	0.047646
352	FT911-565	577	0.047629
352	FT911-1699	578	0.047628
352	FT911-633	579	0.047622
352	FT911-1127	580	0.047620
352	FT911-4574	581	0.047598
352	FT911-3420	582	0.047524
352	FT911-3858	583	0.047515
352	FT911-3630	584	0.047473
352	FT911-306	585	0.047456
352	FT911-5028	586	0.047425
352	FT911-2307	587	0.047402
352	FT911-4027	588	0.047402
352	FT911-1872	589	0.047331
352	FT911-447	590	0.047318
352	FT911-1674	591	0.047309
352	FT911-2419	592	0.047303
352	FT911-4951	593	0.047288
352	FT911-2672	594	0.047273
352	FT911-2985	595	0.047196
352	FT911-1462	596	0.047190
352	FT911-4641	597	0.047152
352	FT911-2896	598	0.047130
352	FT911-2844	599	0.047118
352	FT911-2453	600	0.047104
352	FT911-2674	601	0.047104
352	FT911-4378	602	0.047040
352	FT911-1584	603	0.047034
352	FT911-1919	604	0.047006
352	FT911-371	605	0.046991
352	FT911-1974	606	0.046986
352	FT911-4948	607	0.046951
352	FT911-3018	608	0.046919
352	FT911-2803	609	0.046848
352	FT911-1655	610	0.046837
352	FT911-4840	611	0.046791
352	FT911-2432	612	0.046788
352	FT911-3887	613	0.046784
352	FT911-3727	614	0.046781
352	FT911-1798	615	0.046714
352	FT911-4791	616	0.046713
352	FT911-2663	617	0.046689
352	FT911-2719	618	0.046668
352	FT911-4595	619	0.046656
352	FT911-3921	620	0.046609
352	FT911-4841	621	0.046560
352	FT911-4894	622	0.046436
352	FT911-3449	623	0.046420
352	FT911-2380	624	0.046412
352	FT911-3888	625	0.046406
352	FT911-5121	626	0.046383
352	FT911-1419	627	0.046383
352	FT911-3008	628	0.046367
352	FT911-686	629	0.046329
352	FT911-2040	630	0.046280
352	FT911-3952	631	0.046268
352	FT911-3339	632	0.046235
352	FT911-3138	633	0.046212
352	FT911-1634	634	0.046142
352	FT911-4571	635	0.046113
352	FT911-403	636	0.046099
352	FT911-2825	637	0.046085
352	FT911-2388	638	0.046074
352	FT911-1576	639	0.045993
352	FT911-3016	640	0.045949
352	FT911-1689	641	0.045924
352	FT911-530	642	0.045848
352	FT911-3624	643	0.045799
352	FT911-3659	644	0.045798
352	FT911-3546	645	0.045782
352	FT911-834	646	0.045767
352	FT911-2750	647	0.045743
352	FT911-95	648	0.045737
352	FT911-4351	649	0.045734
352	FT911-521	650	0.045731
352	FT911-3678	651	0.045720
352	FT911-90	652	0.045695
352	FT911-3722	653	0.045628
352	FT911-1407	654	0.045621
352	FT911-4227	655	0.045596
352	FT911-1681	656	0.045461
352	FT911-2691	657	0.045425
352	FT911-910	658	0.045418
352	FT911-3592	659	0.045400
352	FT911-3939	660	0.045383
352	FT911-2548	661	0.045377
352	FT911-2122	662	0.045320
352	FT911-3040	663	0.045282
352	FT911-4801	664	0.045218
352	FT911-2751	665	0.045153
352	FT911-705	666	0.045148
352	FT911-967	667	0.045142
352	FT911-5341	668	0.045129
352	FT911-5180	669	0.045088
352	FT911-5295	670	0.045065
352	FT911-1688	671	0.045053
352	FT911-2558	672	0.045018
352	FT911-2798	673	0.045015
352	FT911-3704	674	0.044989
352	FT911-1282	675	0.044936
352	FT911-4343	676	0.044911
352	FT911-200	677	0.044886
352	FT911-2901	678	0.044851
352	FT911-4745	679	0.044845
352	FT911-657	680	0.044816
352	FT911-1035	681	0.044761
352	FT911-1773	682	0.044729
352	FT911-4421	683	0.044707
352	FT911-1295	684	0.044552
352	FT911-3492	685	0.044502
352	FT911-3785	686	0.044434
352	FT911-4018	687	0.044429
352	FT911-4362	688	0.044392
352	FT911-2511	689	0.044381
352	FT911-2447	690	0.044376
352	FT911-1965	691	0.044351
352	FT911-3059	692	0.044324
352	FT911-3657	693	0.044312
352	FT911-39	694	0.044242
352	FT911-2179	695	0.044241
352	FT911-112	696	0.044165
352	FT911-3117	697	0.044127
352	FT911-404	698	0.044087
352	FT911-3441	699	0.044053
352	FT911-2971	700	0.044033
352	FT911-4650	701	0.044009
352	FT911-989	702	0.043986
352	FT911-5349	703	0.043974
352	FT911-4602	704	0.043902
352	FT911-1388	705	0.043901
352	FT911-2923	706	0.043890
352	FT911-4164	707	0.043884
352	FT911-2540	708	0.043872
352	FT911-3806	709	0.043854
352	FT911-3009	710	0.043821
352	FT911-1306	711	0.043789
352	FT911-1078	712	0.043766
352	FT911-4463	713	0.043731
352	FT911-664	714	0.043667
352	FT911-344	715	0.043657
352	FT911-2085	716	0.043599
352	FT911-4675	717	0.043597
352	FT911-431	718	0.043540
352	FT911-4679	719	0.043514
352	FT911-2381	720	0.043505
352	FT911-865	721	0.043491
352	FT911-2066	722	0.043480
352	FT911-2911	723	0.043476
352	FT911-3884	724	0.043454
352	FT911-4850	725	0.043444
352	FT911-2372	726	0.043408
352	FT911-2389	727	0.043407
352	FT911-3997	728	0.043403
352	FT911-2173	729	0.043390
352	FT911-1263	730	0.043366
352	FT911-2996	731	0.043319
352	FT911-3098	732	0.043290
352	FT911-4467	733	0.043287
352	FT911-828	734	0.043279
352	FT911-2509	735	0.043250
352	FT911-4872	736	0.043240
352	FT911-2535	737	0.043193
352	FT911-1444	738	0.043172
352	FT911-4649	739	0.043152
352	FT911-1062	740	0.043133
352	FT911-3867	741	0.043127
352	FT911-1242	742	0.043059
352	FT911-3166	743	0.043043
352	FT911-1500	744	0.043003
352	FT911-2237	745	0.042982
352	FT911-613	746	0.042964
352	FT911-516	747	0.042913
352	FT911-3491	748	0.042887
352	FT911-1963	749	0.042886
352	FT911-3483	750	0.042862
352	FT911-1310	751	0.042839
352	FT911-1998	752	0.042836
352	FT911-1273	753	0.042823
352	FT911-3173	754	0.042778
352	FT911-4757	755	0.042714
352	FT911-358	756	0.042691
352	FT911-3540	757	0.042640
352	FT911-3275	758	0.042634
352	FT911-1328	759	0.042607
352	FT911-1975	760	0.042558
352	FT911-2555	761	0.042547
352	FT911-4986	762	0.042533
352	FT911-1148	763	0.042510
352	FT911-4603	764	0.042500
352	FT911-338	765	0.042498
352	FT911-1934	766	0.042493
352	FT911-4637	767	0.042464
352	FT911-3397	768	0.042427
352	FT911-5278	769	0.042426
352	FT911-4377	770	0.042424
352	FT911-4315	771	0.042424
352	FT911-4877	772	0.042423
352	FT911-3910	773	0.042417
352	FT911-1022	774	0.042405
352	FT911-2357	775	0.042396
352	FT911-998	776	0.042337
352	FT911-1201	777	0.042325
352	FT911-1712	778	0.042312
352	FT911-2924	779	0.042282
352	FT911-4579	780	0.042267
352	FT911-3084	781	0.042261
352	FT911-156	782	0.042251
352	FT911-3857	783	0.042212
352	FT911-2082	784	0.042203
352	FT911-2957	785	0.042175
352	FT911-1961	786	0.042169
352	FT911-1582	787	0.042166
352	FT911-1799	788	0.042165
352	FT911-2937	789	0.042128
352	FT911-4638	790	0.042125
352	FT911-3680	791	0.042109
352	FT911-1453	792	0.042107
352	FT911-59	793	0.042098
352	FT911-4072	794	0.042055
352	FT911-2183	795	0.042032
352	FT911-780	796	0.042011
352	FT911-3745	797	0.041974
352	FT911-4399	798	0.041972
352	FT911-5030	799	0.041962
352	FT911-5294	800	0.041928
352	FT911-2551	801	0.041867
352	FT911-1430	802	0.041744
352	FT911-289	803	0.041728
352	FT911-3185	804	0.041688
352	FT911-4289	805	0.041687
352	FT911-3651	806	0.041667
352	FT911-3412	807	0.041650
352	FT911-4939	808	0.041641
352	FT911-3756	809	0.041623
352	FT911-3220	810	0.041613
352	FT911-5277	811	0.041576
352	FT911-1867	812	0.041570
352	FT911-42	813	0.041551
352	FT911-5117	814	0.041550
352	FT911-5266	815	0.041544
352	FT911-287	816	0.041537
352	FT911-2335	817	0.041526
352	FT911-1429	818	0.041518
352	FT911-2951	819	0.041515
352	FT911-2660	820	0.041497
352	FT911-4074	821	0.041471
352	FT911-3019	822	0.041470
352	FT911-1199	823	0.041427
352	FT911-1521	824	0.041348
352	FT911-2657	825	0.041330
352	FT911-3446	826	0.041311
352	FT911-2196	827	0.041268
352	FT911-3288	828	0.041264
352	FT911-481	829	0.041226
352	FT911-311	830	0.041221
352	FT911-1897	831	0.041204
352	FT911-4858	832	0.041167
352	FT911-932	833	0.041162
352	FT911-2293	834	0.041142
352	FT911-3148	835	0.041120
352	FT911-3395	836	0.041114
352	FT911-2711	837	0.041080
352	FT911-2979	838	0.041078
352	FT911-1299	839	0.041066
352	FT911-2795	840	0.041061
352	FT911-4888	841	0.041043
352	FT911-4520	842	0.041012
352	FT911-252	843	0.040991
352	FT911-3099	844	0.040979
352	FT911-3562	845	0.040969
352	FT911-1410	846	0.040964
352	FT911-1066	847	0.040963
352	FT911-46	848	0.040917
352	FT911-4291	849	0.040879
352	FT911-951	850	0.040846
352	FT911-4862	851	0.040799
352	FT911-4554	852	0.040782
352	FT911-4009	853	0.040773
352	FT911-2599	854	0.040726
352	FT911-313	855	0.040724
352	FT911-2712	856	0.040723
352	FT911-1439	857	0.040709
352	FT911-3440	858	0.040699
352	FT911-259	859	0.040662
352	FT911-5237	860	0.040654
352	FT911-1918	861	0.040641
352	FT911-2132	862	0.040613
352	FT911-4531	863	0.040574
352	FT911-4117	864	0.040563
352	FT911-2352	865	0.040506
352	FT911-3636	866	0.040439
352	FT911-5135	867	0.040413
352	FT911-346	868	0.040403
352	FT911-761	869	0.040372
352	FT911-4344	870	0.040367
352	FT911-354	871	0.040333
352	FT911-3360	872	0.040307
352	FT911-4983	873	0.040292
352	FT911-1870	874	0.040217
352	FT911-609	875	0.040181
352	FT911-3358	876	0.040159
352	FT911-377	877	0.040155
352	FT911-188	878	0.040148
352	FT911-2053	879	0.040133
352	FT911-2513	880	0.040101
352	FT911-3328	881	0.040090
352	FT911-1343	882	0.040086
352	FT911-1342	883	0.040073
352	FT911-3403	884	0.040052
352	FT911-202	885	0.040022
352	FT911-2834	886	0.040022
352	FT911-1869	887	0.040018
352	FT911-2087	888	0.039942
352	FT911-1649	889	0.039928
352	FT911-1924	890	0.039926
352	FT911-2949	891	0.039922
352	FT911-4588	892	0.039913
352	FT911-2561	893	0.039899
352	FT911-1077	894	0.039876
352	FT911-5158	895	0.039796
352	FT911-22	896	0.039751
352	FT911-3415	897	0.039713
352	FT911-3314	898	0.039708
352	FT911-4265	899	0.039698
352	FT911-5166	900	0.039695
352	FT911-3303	901	0.039642
352	FT911-3042	902	0.039630
352	FT911-4642	903	0.039609
352	FT911-2223	904	0.039601
352	FT911-2109	905	0.039595
352	FT911-5018	906	0.039569
352	FT911-1359	907	0.039565
352	FT911-1003	908	0.039523
352	FT911-2462	909	0.039501
352	FT911-863	910	0.039489
352	FT911-3268	911	0.039474
352	FT911-2032	912	0.039463
352	FT911-2666	913	0.039445
352	FT911-5019	914	0.039410
352	FT911-3436	915	0.039385
352	FT911-4255	916	0.039372
352	FT911-3490	917	0.039350
352	FT911-3570	918	0.039348
352	FT911-1986	919	0.039346
352	FT911-375	920	0.039341
352	FT911-5033	921	0.039268
352	FT911-870	922	0.039264
352	FT911-251	923	0.039258
352	FT911-349	924	0.039252
352	FT911-4901	925	0.039248
352	FT911-4025	926	0.039227
352	FT911-3164	927	0.039227
352	FT911-2376	928	0.039159
352	FT911-2145	929	0.039136
352	FT911-3646	930	0.039129
352	FT911-5323	931	0.039088
352	FT911-2968	932	0.039070
352	FT911-4889	933	0.039041
352	FT911-1406	934	0.039018
352	FT911-4163	935	0.039005
352	FT911-1499	936	0.038932
352	FT911-1653	937	0.038925
352	FT911-982	938	0.038921
352	FT911-291	939	0.038914
352	FT911-5200	940	0.038911
352	FT911-506	941	0.038906
352	FT911-3530	942	0.038900
352	FT911-5118	943	0.038872
352	FT911-1340	944	0.038843
352	FT911-4307	945	0.038813
352	FT911-3075	946	0.038812
352	FT911-3782	947	0.038810
352	FT911-3642	948	0.038805
352	FT911-3663	949	0.038791
352	FT911-1253	950	0.038762
352	FT911-1628	951	0.038761
352	FT911-5153	952	0.038755
352	FT911-1370	953	0.038748
352	FT911-1091	954	0.038737
352	FT911-2622	955	0.038719
352	FT911-1435	956	0.038709
352	FT911-4640	957	0.038701
352	FT911-710	958	0.038687
352	FT911-4321	959	0.038687
352	FT911-1953	960	0.038685
352	FT911-370	961	0.038657
352	FT911-4438	962	0.038652
352	FT911-4207	963	0.038651
352	FT911-1329	964	0.038639
352	FT911-125	965	0.038570
352	FT911-3721	966	0.038562
352	FT911-4513	967	0.038548
352	FT911-2634	968	0.038514
352	FT911-1632	969	0.038490
352	FT911-331	970	0.038480
352	FT911-770	971	0.038468
352	FT911-1216	972	0.038456
352	FT911-3938	973	0.038444
352	FT911-256	974	0.038440
352	FT911-3510	975	0.038428
352	FT911-3327	976	0.038426
352	FT911-842	977	0.038421
352	FT911-3495	978	0.038404
352	FT911-2984	979	0.038393
352	FT911-1523	980	0.038390
352	FT911-1905	981	0.038376
352	FT911-3805	982	0.038375
352	FT911-1103	983	0.038341
352	FT911-2205	984	0.038312
352	FT911-3779	985	0.038305
352	FT911-4794	986	0.038293
352	FT911-3289	987	0.038274
352	FT911-2138	988	0.038265
352	FT911-4906	989	0.038228
352	FT911-151	990	0.038213
352	FT911-754	991	0.038196
352	FT911-3238	992	0.038194
352	FT911-894	993	0.038184
352	FT911-1774	994	0.038170
352	FT911-420	995	0.038142
352	FT911-2346	996	0.038135
352	FT911-2891	997	0.038130
352	FT911-1720	998	0.038125
352	FT911-3230	999	0.038084
352	FT911-2458	1000	0.038077
353	FT911-558	1	0.309127
353	FT911-4348	2	0.305011
353	FT911-122	3	0.249462
353	FT911-1769	4	0.238718
353	FT911-4349	5	0.215627
353	FT911-4151	6	0.154390
353	FT911-4261	7	0.145677
353	FT911-4931	8	0.138789
353	FT911-1611	9	0.112570
353	FT911-826	10	0.110608
353	FT911-2288	11	0.107065
353	FT911-4505	12	0.097455
353	FT911-150	13	0.092854
353	FT911-4701	14	0.090207
353	FT911-1562	15	0.089164
353	FT911-428	16	0.087318
353	FT911-3206	17	0.084554
353	FT911-601	18	0.084050
353	FT911-3973	19	0.084013
353	FT911-2287	20	0.082764
353	FT911-1263	21	0.080903
353	FT911-4009	22	0.079748
353	FT911-3327	23	0.078181
353	FT911-3209	24	0.077483
353	FT911-2523	25	0.074852
353	FT911-825	26	0.073733
353	FT911-1955	27	0.073439
353	FT911-1383	28	0.073291
353	FT911-4332	29	0.073179
353	FT911-2187	30	0.072390
353	FT911-81	31	0.072301
353	FT911-1349	32	0.072220
353	FT911-1958	33	0.071599
353	FT911-4902	34	0.071311
353	FT911-1631	35	0.070013
353	FT911-5190	36	0.067675
353	FT911-3087	37	0.066929
353	FT911-5024	38	0.066793
353	FT911-2431	39	0.066740
353	FT911-1098	40	0.066460
353	FT911-5042	41	0.065838
353	FT911-5079	42	0.065551
353	FT911-2558	43	0.065454
353	FT911-3699	44	0.065287
353	FT911-4919	45	0.063974
353	FT911-205	46	0.063522
353	FT911-2897	47	0.063244
353	FT911-3129	48	0.063186
353	FT911-846	49	0.062492
353	FT911-4855	50	0.062342
353	FT911-4398	51	0.062121
353	FT911-3478	52	0.060296
353	FT911-1265	53	0.059191
353	FT911-1301	54	0.059158
353	FT911-1584	55	0.058831
353	FT911-2301	56	0.058448
353	FT911-3027	57	0.057997
353	FT911-1943	58	0.057737
353	FT911-2029	59	0.057694
353	FT911-309	60	0.057176
353	FT911-3651	61	0.057156
353	FT911-1461	62	0.057144
353	FT911-692	63	0.056548
353	FT911-4686	64	0.056382
353	FT911-2117	65	0.055692
353	FT911-375	66	0.055224
353	FT911-3067	67	0.055154
353	FT911-3235	68	0.054999
353	FT911-204	69	0.054661
353	FT911-3927	70	0.054544
353	FT911-1944	71	0.054285
353	FT911-737	72	0.053964
353	FT911-4912	73	0.053619
353	FT911-348	74	0.053613
353	FT911-2313	75	0.053439
353	FT911-2017	76	0.053305
353	FT911-3267	77	0.053173
353	FT911-1329	78	0.053017
353	FT911-1638	79	0.052310
353	FT911-4837	80	0.052282
353	FT911-819	81	0.051705
353	FT911-1072	82	0.051651
353	FT911-2231	83	0.051646
353	FT911-2763	84	0.051387
353	FT911-4669	85	0.051242
353	FT911-721	86	0.050922
353	FT911-4327	87	0.050660
353	FT911-3153	88	0.050605
353	FT911-774	89	0.050538
353	FT911-3888	90	0.050493
353	FT911-3040	91	0.050481
353	FT911-3332	92	0.049940
353	FT911-618	93	0.049670
353	FT911-4856	94	0.049591
353	FT911-2054	95	0.049372
353	FT911-4139	96	0.049288
353	FT911-18	97	0.049214
353	FT911-4272	98	0.049078
353	FT911-932	99	0.049015
353	FT911-855	100	0.048965
353	FT911-1280	101	0.048836
353	FT911-5253	102	0.048833
353	FT911-5196	103	0.048712
353	FT911-4879	104	0.048680
353	FT911-3665	105	0.048466
353	FT911-2591	106	0.048451
353	FT911-612	107	0.048414
353	FT911-4371	108	0.048333
353	FT911-4907	109	0.048267
353	FT911-4569	110	0.047751
353	FT911-5167	111	0.047535
353	FT911-3928	112	0.047364
353	FT911-1269	113	0.047293
353	FT911-1952	114	0.047268
353	FT911-2055	115	0.046944
353	FT911-329	116	0.046601
353	FT911-5178	117	0.046545
353	FT911-3697	118	0.046012
353	FT911-4125	119	0.046002
353	FT911-3318	120	0.045999
353	FT911-4046	121	0.045768
353	FT911-1720	122	0.045738
353	FT911-339	123	0.045724
353	FT911-2202	124	0.045224
353	FT911-689	125	0.044990
353	FT911-1306	126	0.044473
353	FT911-3035	127	0.044314
353	FT911-3917	128	0.043937
353	FT911-678	129	0.043858
353	FT911-276	130	0.043816
353	FT911-2	131	0.043799
353	FT911-2276	132	0.043710
353	FT911-5238	133	0.043495
353	FT911-4265	134	0.043450
353	FT911-2979	135	0.043421
353	FT911-521	136	0.043377
353	FT911-1201	137	0.043317
353	FT911-3166	138	0.043075
353	FT911-202	139	0.043069
353	FT911-691	140	0.043058
353	FT911-3866	141	0.043054
353	FT911-4383	142	0.043025
353	FT911-4258	143	0.042908
353	FT911-559	144	0.042605
353	FT911-4406	145	0.042503
353	FT911-3220	146	0.042395
353	FT911-1002	147	0.042147
353	FT911-2115	148	0.042064
353	FT911-1708	149	0.042054
353	FT911-1700	150	0.042011
353	FT911-4575	151	0.041704
353	FT911-1450	152	0.041468
353	FT911-5319	153	0.041399
353	FT911-1774	154	0.041199
353	FT911-547	155	0.041161
353	FT911-5293	156	0.041160
353	FT911-597	157	0.041114
353	FT911-2126	158	0.041101
353	FT911-2069	159	0.041033
353	FT911-4802	160	0.040971
353	FT911-1124	161	0.040948
353	FT911-4734	162	0.040924
353	FT911-1956	163	0.040515
353	FT911-4861	164	0.040503
353	FT911-5062	165	0.040480
353	FT911-4176	166	0.040479
353	FT911-2605	167	0.040398
353	FT911-1954	168	0.040269
353	FT911-3706	169	0.040184
353	FT911-2046	170	0.039878
353	FT911-4722	171	0.039854
353	FT911-5231	172	0.039802
353	FT911-3126	173	0.039761
353	FT911-1780	174	0.039582
353	FT911-4411	175	0.039573
353	FT911-2465	176	0.039498
353	FT911-3589	177	0.039493
353	FT911-3769	178	0.039488
353	FT911-381	179	0.039485
353	FT911-3919	180	0.039441
353	FT911-197	181	0.039432
353	FT911-3431	182	0.039303
353	FT911-2040	183	0.039228
353	FT911-2534	184	0.039066
353	FT911-2358	185	0.038971
353	FT911-3615	186	0.038948
353	FT911-1689	187	0.038893
353	FT911-2654	188	0.038878
353	FT911-2761	189	0.038779
353	FT911-3320	190	0.038722
353	FT911-2630	191	0.038720
353	FT911-133	192	0.038556
353	FT911-4269	193	0.038319
353	FT911-3356	194	0.038301
353	FT911-4053	195	0.038198
353	FT911-3930	196	0.037999
353	FT911-4442	197	0.037944
353	FT911-2420	198	0.037780
353	FT911-702	199	0.037763
353	FT911-3225	200	0.037747
353	FT911-2689	201	0.037654
353	FT911-5249	202	0.037576
353	FT911-2561	203	0.037547
353	FT911-5051	204	0.037535
353	FT911-3393	205	0.037494
353	FT911-4524	206	0.037489
353	FT911-3472	207	0.037460
353	FT911-870	208	0.037402
353	FT911-761	209	0.037346
353	FT911-3301	210	0.037299
353	FT911-3079	211	0.037033
353	FT911-2061	212	0.036987
353	FT911-3853	213	0.036927
353	FT911-4174	214	0.036926
353	FT911-2300	215	0.036891
353	FT911-2545	216	0.036683
353	FT911-1899	217	0.036662
353	FT911-318	218	0.036617
353	FT911-842	219	0.036596
353	FT911-3274	220	0.036512
353	FT911-423	221	0.036449
353	FT911-4659	222	0.036427
353	FT911-1300	223	0.036382
353	FT911-3756	224	0.036368
353	FT911-2570	225	0.036358
353	FT911-2252	226	0.036239
353	FT911-2719	227	0.036143
353	FT911-4810	228	0.036134
353	FT911-943	229	0.035938
353	FT911-1153	230	0.035927
353	FT911-729	231	0.035783
353	FT911-4396	232	0.035658
353	FT911-90	233	0.035657
353	FT911-3202	234	0.035610
353	FT911-2140	235	0.035557
353	FT911-1867	236	0.035546
353	FT911-2141	237	0.035385
353	FT911-1953	238	0.035379
353	FT911-3776	239	0.035209
353	FT911-3340	240	0.035131
353	FT911-2512	241	0.035115
353	FT911-2961	242	0.035107
353	FT911-3370	243	0.034990
353	FT911-5058	244	0.034941
353	FT911-2350	245	0.034860
353	FT911-3623	246	0.034840
353	FT911-2641	247	0.034808
353	FT911-2853	248	0.034766
353	FT911-2416	249	0.034727
353	FT911-3873	250	0.034645
353	FT911-1109	251	0.034607
353	FT911-1520	252	0.034596
353	FT911-1673	253	0.034585
353	FT911-2594	254	0.034515
353	FT911-5001	255	0.034486
353	FT911-4561	256	0.034472
353	FT911-2183	257	0.034425
353	FT911-3389	258	0.034352
353	FT911-19	259	0.034241
353	FT911-5273	260	0.034210
353	FT911-2697	261	0.034205
353	FT911-5134	262	0.034123
353	FT911-1031	263	0.034123
353	FT911-4630	264	0.034089
353	FT911-456	265	0.033972
353	FT911-1357	266	0.033883
353	FT911-1845	267	0.033744
353	FT911-1355	268	0.033690
353	FT911-1773	269	0.033688
353	FT911-211	270	0.033666
353	FT911-3445	271	0.033659
353	FT911-888	272	0.033644
353	FT911-734	273	0.033605
353	FT911-5282	274	0.033575
353	FT911-2349	275	0.033548
353	FT911-2371	276	0.033541
353	FT911-5265	277	0.033500
353	FT911-86	278	0.033493
353	FT911-2277	279	0.033479
353	FT911-4467	280	0.033344
353	FT911-4015	281	0.033338
353	FT911-3694	282	0.033322
353	FT911-1822	283	0.033317
353	FT911-2701	284	0.033291
353	FT911-1328	285	0.033247
353	FT911-851	286	0.033193
353	FT911-165	287	0.033191
353	FT911-2522	288	0.033190
353	FT911-1939	289	0.033146
353	FT911-2474	290	0.033135
353	FT911-4784	291	0.033092
353	FT911-4179	292	0.033091
353	FT911-3258	293	0.032984
353	FT911-4928	294	0.032941
353	FT911-4742	295	0.032937
353	FT911-4341	296	0.032918
353	FT911-5104	297	0.032757
353	FT911-3121	298	0.032688
353	FT911-3816	299	0.032589
353	FT911-2784	300	0.032582
353	FT911-2116	301	0.032567
353	FT911-3137	302	0.032540
353	FT911-4970	303	0.032505
353	FT911-4271	304	0.032478
353	FT911-3525	305	0.032448
353	FT911-919	306	0.032370
353	FT911-3574	307	0.032297
353	FT911-1212	308	0.032226
353	FT911-4377	309	0.032090
353	FT911-5098	310	0.032021
353	FT911-2533	311	0.032010
353	FT911-4753	312	0.031986
353	FT911-1733	313	0.031941
353	FT911-1160	314	0.031858
353	FT911-3463	315	0.031833
353	FT911-3748	316	0.031832
353	FT911-3534	317	0.031777
353	FT911-3057	318	0.031765
353	FT911-783	319	0.031744
353	FT911-1136	320	0.031740
353	FT911-201	321	0.031677
353	FT911-1634	322	0.031670
353	FT911-4633	323	0.031646
353	FT911-1550	324	0.031623
353	FT911-1111	325	0.031442
353	FT911-4574	326	0.031410
353	FT911-1542	327	0.031407
353	FT911-4482	328	0.031368
353	FT911-2412	329	0.031341
353	FT911-4033	330	0.031341
353	FT911-606	331	0.031337
353	FT911-3016	332	0.031289
353	FT911-821	333	0.031272
353	FT911-3288	334	0.031258
353	FT911-2235	335	0.031207
353	FT911-1627	336	0.031207
353	FT911-4339	337	0.031109
353	FT911-5349	338	0.031093
353	FT911-2709	339	0.031080
353	FT911-154	340	0.031031
353	FT911-1083	341	0.030985
353	FT911-4976	342	0.030981
353	FT911-658	343	0.030969
353	FT911-4089	344	0.030955
353	FT911-3442	345	0.030938
353	FT911-1547	346	0.030928
353	FT911-2956	347	0.030926
353	FT911-4393	348	0.030908
353	FT911-1723	349	0.030893
353	FT911-1080	350	0.030862
353	FT911-2082	351	0.030758
353	FT911-3934	352	0.030717
353	FT911-1574	353	0.030697
353	FT911-2315	354	0.030661
353	FT911-5162	355	0.030629
353	FT911-2461	356	0.030614
353	FT911-1890	357	0.030595
353	FT911-212	358	0.030593
353	FT911-4494	359	0.030585
353	FT911-3794	360	0.030435
353	FT911-4403	361	0.030425
353	FT911-996	362	0.030374
353	FT911-1989	363	0.030343
353	FT911-4104	364	0.030343
353	FT911-1307	365	0.030308
353	FT911-1305	366	0.030191
353	FT911-5211	367	0.030186
353	FT911-4904	368	0.030153
353	FT911-4416	369	0.030152
353	FT911-4602	370	0.030140
353	FT911-2393	371	0.030043
353	FT911-5119	372	0.030021
353	FT911-130	373	0.029934
353	FT911-749	374	0.029909
353	FT911-3722	375	0.029898
353	FT911-5328	376	0.029872
353	FT911-3915	377	0.029827
353	FT911-4585	378	0.029801
353	FT911-1964	379	0.029763
353	FT911-1247	380	0.029758
353	FT911-221	381	0.029721
353	FT911-5245	382	0.029706
353	FT911-1091	383	0.029698
353	FT911-1671	384	0.029693
353	FT911-2070	385	0.029528
353	FT911-3787	386	0.029499
353	FT911-5188	387	0.029447
353	FT911-1196	388	0.029365
353	FT911-3287	389	0.029358
353	FT911-4881	390	0.029346
353	FT911-4891	391	0.029318
353	FT911-1690	392	0.029317
353	FT911-3259	393	0.029304
353	FT911-3767	394	0.029234
353	FT911-4901	395	0.029187
353	FT911-2050	396	0.029173
353	FT911-4311	397	0.029171
353	FT911-4668	398	0.029087
353	FT911-434	399	0.029053
353	FT911-3948	400	0.029034
353	FT911-5076	401	0.029018
353	FT911-5197	402	0.028981
353	FT911-4642	403	0.028949
353	FT911-4496	404	0.028910
353	FT911-2441	405	0.028899
353	FT911-2335	406	0.028789
353	FT911-530	407	0.028788
353	FT911-200	408	0.028778
353	FT911-2862	409	0.028735
353	FT911-1042	410	0.028685
353	FT911-382	411	0.028669
353	FT911-5177	412	0.028665
353	FT911-1860	413	0.028645
353	FT911-2343	414	0.028631
353	FT911-4138	415	0.028620
353	FT911-907	416	0.028612
353	FT911-1323	417	0.028603
353	FT911-1601	418	0.028599
353	FT911-3631	419	0.028556
353	FT911-2379	420	0.028540
353	FT911-5342	421	0.028519
353	FT911-5027	422	0.028501
353	FT911-3908	423	0.028486
353	FT911-371	424	0.028463
353	FT911-3377	425	0.028449
353	FT911-493	426	0.028409
353	FT911-3871	427	0.028381
353	FT911-5059	428	0.028371
353	FT911-5050	429	0.028353
353	FT911-571	430	0.028284
353	FT911-2642	431	0.028277
353	FT911-4068	432	0.028212
353	FT911-1553	433	0.028206
353	FT911-4016	434	0.028180
353	FT911-4929	435	0.028150
353	FT911-4925	436	0.028108
353	FT911-1632	437	0.028094
353	FT911-4506	438	0.028065
353	FT911-3504	439	0.028027
353	FT911-5187	440	0.028026
353	FT911-2693	441	0.027995
353	FT911-1388	442	0.027949
353	FT911-4971	443	0.027928
353	FT911-3533	444	0.027920
353	FT911-1857	445	0.027902
353	FT911-3187	446	0.027898
353	FT911-556	447	0.027765
353	FT911-4026	448	0.027763
353	FT911-1258	449	0.027697
353	FT911-4011	450	0.027674
353	FT911-1979	451	0.027642
353	FT911-4318	452	0.027624
353	FT911-653	453	0.027598
353	FT911-884	454	0.027591
353	FT911-4677	455	0.027591
353	FT911-129	456	0.027564
353	FT911-3713	457	0.027536
353	FT911-988	458	0.027503
353	FT911-5015	459	0.027457
353	FT911-311	460	0.027454
353	FT911-2237	461	0.027435
353	FT911-4536	462	0.027410
353	FT911-2951	463	0.027408
353	FT911-5116	464	0.027347
353	FT911-3271	465	0.027276
353	FT911-2672	466	0.027260
353	FT911-2994	467	0.027238
353	FT911-3128	468	0.027230
353	FT911-3753	469	0.027204
353	FT911-2771	470	0.027160
353	FT911-4787	471	0.027136
353	FT911-3405	472	0.027108
353	FT911-4289	473	0.027095
353	FT911-697	474	0.027065
353	FT911-3843	475	0.027055
353	FT911-4847	476	0.027028
353	FT911-2150	477	0.027025
353	FT911-1693	478	0.026979
353	FT911-2450	479	0.026942
353	FT911-1144	480	0.026901
353	FT911-531	481	0.026863
353	FT911-3276	482	0.026833
353	FT911-4533	483	0.026758
353	FT911-3058	484	0.026748
353	FT911-3098	485	0.026724
353	FT911-2142	486	0.026694
353	FT911-2456	487	0.026692
353	FT911-4330	488	0.026684
353	FT911-3512	489	0.026623
353	FT911-4959	490	0.026583
353	FT911-4208	491	0.026572
353	FT911-1341	492	0.026568
353	FT911-3408	493	0.026524
353	FT911-4310	494	0.026496
353	FT911-4518	495	0.026455
353	FT911-1077	496	0.026420
353	FT911-2618	497	0.026420
353	FT911-2169	498	0.026342
353	FT911-3257	499	0.026334
353	FT911-3654	500	0.026292
353	FT911-3417	501	0.026118
353	FT911-4319	502	0.026088
353	FT911-1046	503	0.026086
353	FT911-542	504	0.026083
353	FT911-2602	505	0.026048
353	FT911-4634	506	0.026040
353	FT911-862	507	0.026036
353	FT911-264	508	0.026024
353	FT911-2604	509	0.025982
353	FT911-4010	510	0.025968
353	FT911-3360	511	0.025964
353	FT911-2608	512	0.025960
353	FT911-2717	513	0.025869
353	FT911-2352	514	0.025854
353	FT911-1389	515	0.025838
353	FT911-2943	516	0.025836
353	FT911-4704	517	0.025801
353	FT911-1755	518	0.025710
353	FT911-3147	519	0.025710
353	FT911-2305	520	0.025709
353	FT911-343	521	0.025707
353	FT911-2033	522	0.025686
353	FT911-1254	523	0.025666
353	FT911-802	524	0.025647
353	FT911-383	525	0.025632
353	FT911-1595	526	0.025607
353	FT911-3998	527	0.025603
353	FT911-2223	528	0.025530
353	FT911-116	529	0.025496
353	FT911-4448	530	0.025481
353	FT911-908	531	0.025420
353	FT911-2915	532	0.025393
353	FT911-1296	533	0.025391
353	FT911-3687	534	0.025384
353	FT911-5266	535	0.025382
353	FT911-3552	536	0.025364
353	FT911-1971	537	0.025362
353	FT911-3510	538	0.025347
353	FT911-2687	539	0.025334
353	FT911-1334	540	0.025313
353	FT911-3909	541	0.025302
353	FT911-1079	542	0.025280
353	FT911-1799	543	0.025276
353	FT911-169	544	0.025272
353	FT911-4854	545	0.025270
353	FT911-4222	546	0.025250
353	FT911-463	547	0.025197
353	FT911-2400	548	0.025154
353	FT911-896	549	0.025116
353	FT911-1635	550	0.025108
353	FT911-3333	551	0.025096
353	FT911-2600	552	0.025095
353	FT911-1283	553	0.025086
353	FT911-111	554	0.025084
353	FT911-1492	555	0.025071
353	FT911-3148	556	0.025065
353	FT911-4054	557	0.025036
353	FT911-655	558	0.025026
353	FT911-904	559	0.025022
353	FT911-422	560	0.024993
353	FT911-3364	561	0.024991
353	FT911-3469	562	0.024971
353	FT911-3192	563	0.024964
353	FT911-1957	564	0.024962
353	FT911-2206	565	0.024931
353	FT911-1449	566	0.024844
353	FT911-2093	567	0.024797
353	FT911-2297	568	0.024764
353	FT911-3338	569	0.024757
353	FT911-2917	570	0.024755
353	FT911-4600	571	0.024726
353	FT911-3065	572	0.024720
353	FT911-4796	573	0.024706
353	FT911-2621	574	0.024650
353	FT911-2435	575	0.024637
353	FT911-4098	576	0.024615
353	FT911-4239	577	0.024601
353	FT911-3566	578	0.024571
353	FT911-4072	579	0.024565
353	FT911-3937	580	0.024513
353	FT911-2551	581	0.024472
353	FT911-833	582	0.024456
353	FT911-269	583	0.024418
353	FT911-3434	584	0.024382
353	FT911-2789	585	0.024368
353	FT911-361	586	0.024346
353	FT911-3718	587	0.024304
353	FT911-1227	588	0.024241
353	FT911-249	589	0.024215
353	FT911-3006	590	0.024174
353	FT911-2446	591	0.024171
353	FT911-2042	592	0.024169
353	FT911-994	593	0.024162
353	FT911-937	594	0.024160
353	FT911-4086	595	0.024127
353	FT911-1709	596	0.024125
353	FT911-1896	597	0.024122
353	FT911-3135	598	0.024101
353	FT911-458	599	0.024093
353	FT911-3577	600	0.024056
353	FT911-4782	601	0.024040
353	FT911-4117	602	0.024028
353	FT911-804	603	0.024022
353	FT911-4376	604	0.023991
353	FT911-3092	605	0.023974
353	FT911-4532	606	0.023965
353	FT911-3892	607	0.023958
353	FT911-1120	608	0.023955
353	FT911-109	609	0.023933
353	FT911-3630	610	0.023903
353	FT911-5125	611	0.023899
353	FT911-3232	612	0.023851
353	FT911-135	613	0.023818
353	FT911-4589	614	0.023809
353	FT911-3947	615	0.023797
353	FT911-1298	616	0.023794
353	FT911-4622	617	0.023783
353	FT911-1481	618	0.023780
353	FT911-1114	619	0.023768
353	FT911-4840	620	0.023745
353	FT911-3422	621	0.023726
353	FT911-2603	622	0.023702
353	FT911-1934	623	0.023621
353	FT911-2438	624	0.023589
353	FT911-5193	625	0.023567
353	FT911-753	626	0.023560
353	FT911-2490	627	0.023550
353	FT911-5120	628	0.023546
353	FT911-1181	629	0.023501
353	FT911-1715	630	0.023496
353	FT911-5326	631	0.023486
353	FT911-2589	632	0.023484
353	FT911-3256	633	0.023478
353	FT911-5356	634	0.023457
353	FT911-4531	635	0.023402
353	FT911-693	636	0.023384
353	FT911-4520	637	0.023372
353	FT911-64	638	0.023317
353	FT911-886	639	0.023292
353	FT911-3357	640	0.023284
353	FT911-694	641	0.023280
353	FT911-2484	642	0.023262
353	FT911-2590	643	0.023254
353	FT911-648	644	0.023241
353	FT911-1667	645	0.023239
353	FT911-85	646	0.023226
353	FT911-2892	647	0.023201
353	FT911-3680	648	0.023189
353	FT911-2624	649	0.023151
353	FT911-3655	650	0.023138
353	FT911-1864	651	0.023124
353	FT911-3090	652	0.023107
353	FT911-3289	653	0.023096
353	FT911-1594	654	0.023084
353	FT911-2473	655	0.023080
353	FT911-1805	656	0.023055
353	FT911-3028	657	0.023049
353	FT911-682	658	0.023043
353	FT911-3169	659	0.023020
353	FT911-2626	660	0.022996
353	FT911-3168	661	0.022994
353	FT911-5037	662	0.022980
353	FT911-1122	663	0.022956
353	FT911-1650	664	0.022949
353	FT911-1063	665	0.022940
353	FT911-5040	666	0.022909
353	FT911-17	667	0.022895
353	FT911-1297	668	0.022885
353	FT911-4657	669	0.022867
353	FT911-968	670	0.022867
353	FT911-52	671	0.022860
353	FT911-3701	672	0.022841
353	FT911-4800	673	0.022829
353	FT911-2178	674	0.022798
353	FT911-1319	675	0.022723
353	FT911-2770	676	0.022692
353	FT911-4238	677	0.022655
353	FT911-4586	678	0.022623
353	FT911-1057	679	0.022602
353	FT911-3477	680	0.022572
353	FT911-1312	681	0.022526
353	FT911-2650	682	0.022518
353	FT911-4229	683	0.022512
353	FT911-1367	684	0.022466
353	FT911-1898	685	0.022455
353	FT911-3459	686	0.022421
353	FT911-262	687	0.022411
353	FT911-224	688	0.022402
353	FT911-1271	689	0.022392
353	FT911-2372	690	0.022362
353	FT911-1617	691	0.022360
353	FT911-4314	692	0.022346
353	FT911-3783	693	0.022345
353	FT911-112	694	0.022341
353	FT911-4045	695	0.022341
353	FT911-4816	696	0.022306
353	FT911-2249	697	0.022306
353	FT911-5364	698	0.022303
353	FT911-1123	699	0.022297
353	FT911-277	700	0.022273
353	FT911-1833	701	0.022265
353	FT911-297	702	0.022265
353	FT911-5171	703	0.022226
353	FT911-4801	704	0.022198
353	FT911-3440	705	0.022171
353	FT911-3290	706	0.022164
353	FT911-664	707	0.022100
353	FT911-4475	708	0.022080
353	FT911-4088	709	0.022072
353	FT911-2574	710	0.021989
353	FT911-1653	711	0.021932
353	FT911-1371	712	0.021929
353	FT911-3275	713	0.021910
353	FT911-4791	714	0.021862
353	FT911-3117	715	0.021848
353	FT911-3922	716	0.021806
353	FT911-971	717	0.021774
353	FT911-2949	718	0.021756
353	FT911-5078	719	0.021705
353	FT911-4620	720	0.021686
353	FT911-992	721	0.021682
353	FT911-1844	722	0.021675
353	FT911-4134	723	0.021663
353	FT911-4008	724	0.021661
353	FT911-3720	725	0.021661
353	FT911-1699	726	0.021656
353	FT911-4095	727	0.021640
353	FT911-2357	728	0.021631
353	FT911-1200	729	0.021597
353	FT911-4263	730	0.021584
353	FT911-99	731	0.021577
353	FT911-1256	732	0.021544
353	FT911-1249	733	0.021495
353	FT911-868	734	0.021495
353	FT911-3660	735	0.021482
353	FT911-3907	736	0.021457
353	FT911-4955	737	0.021450
353	FT911-3163	738	0.021450
353	FT911-1199	739	0.021446
353	FT911-3309	740	0.021442
353	FT911-1540	741	0.021429
353	FT911-3039	742	0.021425
353	FT911-1155	743	0.021394
353	FT911-4005	744	0.021389
353	FT911-585	745	0.021377
353	FT911-2177	746	0.021353
353	FT911-2537	747	0.021337
353	FT911-3460	748	0.021322
353	FT911-2047	749	0.021304
353	FT911-4579	750	0.021295
353	FT911-5096	751	0.021265
353	FT911-3906	752	0.021261
353	FT911-215	753	0.021256
353	FT911-3024	754	0.021253
353	FT911-2692	755	0.021251
353	FT911-3647	756	0.021248
353	FT911-2436	757	0.021238
353	FT911-4582	758	0.021223
353	FT911-1915	759	0.021207
353	FT911-4363	760	0.021174
353	FT911-849	761	0.021168
353	FT911-568	762	0.021157
353	FT911-1521	763	0.021146
353	FT911-3411	764	0.021088
353	FT911-1085	765	0.021060
353	FT911-1766	766	0.021055
353	FT911-2307	767	0.021048
353	FT911-2309	768	0.021036
353	FT911-3140	769	0.021033
353	FT911-3757	770	0.021024
353	FT911-5111	771	0.021015
353	FT911-532	772	0.021013
353	FT911-2811	773	0.020955
353	FT911-645	774	0.020945
353	FT911-37	775	0.020904
353	FT911-3929	776	0.020882
353	FT911-836	777	0.020873
353	FT911-5262	778	0.020872
353	FT911-3230	779	0.020869
353	FT911-4859	780	0.020861
353	FT911-2921	781	0.020856
353	FT911-5154	782	0.020851
353	FT911-3882	783	0.020841
353	FT911-4184	784	0.020803
353	FT911-4440	785	0.020801
353	FT911-2222	786	0.020776
353	FT911-3728	787	0.020753
353	FT911-4119	788	0.020744
353	FT911-4165	789	0.020744
353	FT911-1731	790	0.020697
353	FT911-790	791	0.020694
353	FT911-3945	792	0.020678
353	FT911-2402	793	0.020673
353	FT911-1211	794	0.020662
353	FT911-1726	795	0.020643
353	FT911-3764	796	0.020639
353	FT911-4525	797	0.020633
353	FT911-2655	798	0.020566
353	FT911-2293	799	0.020564
353	FT911-1872	800	0.020548
353	FT911-379	801	0.020510
353	FT911-1581	802	0.020494
353	FT911-594	803	0.020491
353	FT911-4852	804	0.020486
353	FT911-1225	805	0.020451
353	FT911-2109	806	0.020448
353	FT911-3138	807	0.020440
353	FT911-1495	808	0.020414
353	FT911-3100	809	0.020410
353	FT911-2505	810	0.020409
353	FT911-132	811	0.020397
353	FT911-2346	812	0.020393
353	FT911-245	813	0.020382
353	FT911-2419	814	0.020378
353	FT911-1862	815	0.020376
353	FT911-4515	816	0.020356
353	FT911-1286	817	0.020356
353	FT911-265	818	0.020355
353	FT911-850	819	0.020303
353	FT911-4773	820	0.020288
353	FT911-4380	821	0.020286
353	FT911-1675	822	0.020158
353	FT911-504	823	0.020134
353	FT911-3438	824	0.020129
353	FT911-1570	825	0.020113
353	FT911-2152	826	0.020084
353	FT911-56	827	0.020083
353	FT911-4375	828	0.020069
353	FT911-2636	829	0.020035
353	FT911-2118	830	0.020029
353	FT911-4351	831	0.020025
353	FT911-2581	832	0.019998
353	FT911-4513	833	0.019995
353	FT911-5241	834	0.019952
353	FT911-1419	835	0.019941
353	FT911-4004	836	0.019941
353	FT911-4825	837	0.019931
353	FT911-1967	838	0.019917
353	FT911-630	839	0.019898
353	FT911-2160	840	0.019888
353	FT911-4001	841	0.019880
353	FT911-5232	842	0.019868
353	FT911-2622	843	0.019840
353	FT911-4655	844	0.019839
353	FT911-956	845	0.019830
353	FT911-2774	846	0.019830
353	FT911-2219	847	0.019830
353	FT911-4720	848	0.019825
353	FT911-3404	849	0.019797
353	FT911-5031	850	0.019795
353	FT911-2868	851	0.019781
353	FT911-2769	852	0.019781
353	FT911-4705	853	0.019746
353	FT911-5360	854	0.019732
353	FT911-4614	855	0.019709
353	FT911-2451	856	0.019695
353	FT911-327	857	0.019687
353	FT911-1339	858	0.019670
353	FT911-5088	859	0.019658
353	FT911-902	860	0.019656
353	FT911-4867	861	0.019656
353	FT911-806	862	0.019652
353	FT911-822	863	0.019650
353	FT911-1986	864	0.019646
353	FT911-1067	865	0.019632
353	FT911-2753	866	0.019626
353	FT911-141	867	0.019606
353	FT911-3490	868	0.019550
353	FT911-4813	869	0.019549
353	FT911-391	870	0.019546
353	FT911-255	871	0.019541
353	FT911-2870	872	0.019539
353	FT911-505	873	0.019532
353	FT911-5021	874	0.019520
353	FT911-478	875	0.019517
353	FT911-2286	876	0.019514
353	FT911-3103	877	0.019507
353	FT911-241	878	0.019464
353	FT911-1302	879	0.019453
353	FT911-3433	880	0.019435
353	FT911-2767	881	0.019411
353	FT911-1432	882	0.019406
353	FT911-3678	883	0.019398
353	FT911-2546	884	0.019394
353	FT911-2659	885	0.019387
353	FT911-4279	886	0.019337
353	FT911-1344	887	0.019336
353	FT911-4897	888	0.019321
353	FT911-1656	889	0.019309
353	FT911-4625	890	0.019307
353	FT911-4587	891	0.019303
353	FT911-3407	892	0.019282
353	FT911-374	893	0.019263
353	FT911-1994	894	0.019253
353	FT911-3307	895	0.019224
353	FT911-1232	896	0.019212
353	FT911-706	897	0.019188
353	FT911-2332	898	0.019185
353	FT911-4110	899	0.019163
353	FT911-1379	900	0.019163
353	FT911-1276	901	0.019153
353	FT911-2700	902	0.019137
353	FT911-5294	903	0.019130
353	FT911-4388	904	0.019119
353	FT911-1443	905	0.019099
353	FT911-4640	906	0.019091
353	FT911-3241	907	0.019086
353	FT911-2366	908	0.019076
353	FT911-3935	909	0.019071
353	FT911-1197	910	0.019064
353	FT911-4938	911	0.019047
353	FT911-2064	912	0.019041
353	FT911-4060	913	0.019033
353	FT911-5103	914	0.019002
353	FT911-3104	915	0.019001
353	FT911-4554	916	0.019000
353	FT911-4413	917	0.018992
353	FT911-3266	918	0.018939
353	FT911-4422	919	0.018897
353	FT911-2460	920	0.018892
353	FT911-3795	921	0.018886
353	FT911-3034	922	0.018870
353	FT911-2132	923	0.018857
353	FT911-1552	924	0.018854
353	FT911-1950	925	0.018832
353	FT911-3350	926	0.018832
353	FT911-4449	927	0.018793
353	FT911-3522	928	0.018761
353	FT911-5278	929	0.018722
353	FT911-2122	930	0.018715
353	FT911-5087	931	0.018714
353	FT911-1801	932	0.018698
353	FT911-586	933	0.018681
353	FT911-1945	934	0.018667
353	FT911-3158	935	0.018644
353	FT911-830	936	0.018644
353	FT911-5185	937	0.018640
353	FT911-446	938	0.018626
353	FT911-5075	939	0.018618
353	FT911-1778	940	0.018589
353	FT911-4085	941	0.018586
353	FT911-660	942	0.018586
353	FT911-1430	943	0.018583
353	FT911-2601	944	0.018568
353	FT911-4201	945	0.018515
353	FT911-415	946	0.018511
353	FT911-1210	947	0.018509
353	FT911-3519	948	0.018453
353	FT911-2572	949	0.018433
353	FT911-4385	950	0.018430
353	FT911-924	951	0.018430
353	FT911-4963	952	0.018421
353	FT911-2266	953	0.018407
353	FT911-3834	954	0.018404
353	FT911-1190	955	0.018382
353	FT911-733	956	0.018382
353	FT911-2378	957	0.018378
353	FT911-4096	958	0.018376
353	FT911-755	959	0.018371
353	FT911-91	960	0.018361
353	FT911-3488	961	0.018322
353	FT911-4643	962	0.018319
353	FT911-5296	963	0.018309
353	FT911-3895	964	0.018304
353	FT911-450	965	0.018300
353	FT911-1511	966	0.018282
353	FT911-2086	967	0.018275
353	FT911-1787	968	0.018268
353	FT911-307	969	0.018264
353	FT911-110	970	0.018239
353	FT911-711	971	0.018236
353	FT911-4653	972	0.018207
353	FT911-5236	973	0.018164
353	FT911-1304	974	0.018160
353	FT911-2028	975	0.018151
353	FT911-2826	976	0.018146
353	FT911-1555	977	0.018134
353	FT911-520	978	0.018134
353	FT911-2051	979	0.018132
353	FT911-2336	980	0.018110
353	FT911-13	981	0.018105
353	FT911-5233	982	0.018104
353	FT911-4495	983	0.018095
353	FT911-792	984	0.018045
353	FT911-986	985	0.018042
353	FT911-179	986	0.018030
353	FT911-4113	987	0.018020
353	FT911-2511	988	0.018009
353	FT911-3328	989	0.018002
353	FT911-2668	990	0.017963
353	FT911-2652	991	0.017956
353	FT911-1597	992	0.017950
353	FT911-2793	993	0.017937
353	FT911-4167	994	0.017914
353	FT911-2835	995	0.017902
353	FT911-1757	996	0.017894
353	FT911-1159	997	0.017886
353	FT911-4466	998	0.017870
353	FT911-5355	999	0.017865
353	FT911-2205	1000	0.017852
354	FT911-4783	1	0.313930
354	FT911-1705	2	0.270641
354	FT911-4080	3	0.193003
354	FT911-1588	4	0.189372
354	FT911-3514	5	0.155074
354	FT911-885	6	0.144635
354	FT911-1900	7	0.133272
354	FT911-1293	8	0.129418
354	FT911-2977	9	0.119213
354	FT911-563	10	0.116553
354	FT911-4804	11	0.116171
354	FT911-1585	12	0.112158
354	FT911-428	13	0.110280
354	FT911-1288	14	0.110122
354	FT911-1702	15	0.107674
354	FT911-115	16	0.104345
354	FT911-5229	17	0.100978
354	FT911-4633	18	0.100175
354	FT911-5224	19	0.096049
354	FT911-1374	20	0.089250
354	FT911-318	21	0.088095
354	FT911-5245	22	0.087482
354	FT911-2786	23	0.086982
354	FT911-429	24	0.083766
354	FT911-3733	25	0.080783
354	FT911-5046	26	0.080762
354	FT911-276	27	0.079110
354	FT911-1265	28	0.078569
354	FT911-213	29	0.077952
354	FT911-4530	30	0.077566
354	FT911-5214	31	0.076050
354	FT911-905	32	0.074645
354	FT911-230	33	0.074634
354	FT911-1704	34	0.073248
354	FT911-3675	35	0.072069
354	FT911-729	36	0.070461
354	FT911-4755	37	0.069158
354	FT911-10	38	0.068420
354	FT911-232	39	0.068240
354	FT911-7	40	0.066956
354	FT911-2300	41	0.065939
354	FT911-4782	42	0.065801
354	FT911-618	43	0.065686
354	FT911-477	44	0.065666
354	FT911-2276	45	0.064596
354	FT911-4740	46	0.064171
354	FT911-5207	47	0.063394
354	FT911-721	48	0.063045
354	FT911-4655	49	0.062454
354	FT911-5178	50	0.061788
354	FT911-2079	51	0.061766
354	FT911-1128	52	0.061650
354	FT911-2416	53	0.061577
354	FT911-1587	54	0.061396
354	FT911-4569	55	0.061208
354	FT911-1944	56	0.060908
354	FT911-2049	57	0.060903
354	FT911-1949	58	0.060890
354	FT911-862	59	0.060796
354	FT911-1568	60	0.059452
354	FT911-2017	61	0.059247
354	FT911-1050	62	0.059220
354	FT911-200	63	0.058785
354	FT911-1936	64	0.058655
354	FT911-5265	65	0.058617
354	FT911-2912	66	0.058466
354	FT911-1235	67	0.058383
354	FT911-3555	68	0.058261
354	FT911-5289	69	0.058000
354	FT911-1668	70	0.057954
354	FT911-1454	71	0.057603
354	FT911-2117	72	0.057544
354	FT911-4585	73	0.056806
354	FT911-3973	74	0.056694
354	FT911-362	75	0.056518
354	FT911-520	76	0.056138
354	FT911-2618	77	0.055709
354	FT911-4575	78	0.055610
354	FT911-2305	79	0.055364
354	FT911-4348	80	0.055306
354	FT911-879	81	0.054774
354	FT911-3235	82	0.054688
354	FT911-2680	83	0.054371
354	FT911-1199	84	0.054306
354	FT911-2264	85	0.054266
354	FT911-4650	86	0.054187
354	FT911-90	87	0.054152
354	FT911-4643	88	0.053887
354	FT911-1908	89	0.053607
354	FT911-5231	90	0.053551
354	FT911-4574	91	0.052922
354	FT911-4137	92	0.052786
354	FT911-460	93	0.052640
354	FT911-1328	94	0.051337
354	FT911-1085	95	0.051326
354	FT911-2277	96	0.051191
354	FT911-2159	97	0.051026
354	FT911-4277	98	0.050834
354	FT911-3364	99	0.050555
354	FT911-195	100	0.050491
354	FT911-5187	101	0.050235
354	FT911-3533	102	0.050121
354	FT911-2711	103	0.050020
354	FT911-202	104	0.049706
354	FT911-3247	105	0.049582
354	FT911-2216	106	0.048685
354	FT911-2994	107	0.048622
354	FT911-2436	108	0.048432
354	FT911-1799	109	0.048350
354	FT911-1755	110	0.048216
354	FT911-4734	111	0.048017
354	FT911-4311	112	0.047044
354	FT911-2812	113	0.046927
354	FT911-4856	114	0.046845
354	FT911-2989	115	0.046537
354	FT911-4722	116	0.046148
354	FT911-2050	117	0.045939
354	FT911-761	118	0.045933
354	FT911-4561	119	0.045805
354	FT911-611	120	0.045741
354	FT911-3372	121	0.045488
354	FT911-2299	122	0.045364
354	FT911-4178	123	0.045348
354	FT911-3917	124	0.045119
354	FT911-5185	125	0.044954
354	FT911-2046	126	0.044724
354	FT911-4358	127	0.044658
354	FT911-652	128	0.044433
354	FT911-501	129	0.044346
354	FT911-4582	130	0.044293
354	FT911-5051	131	0.044164
354	FT911-4553	132	0.044132
354	FT911-3661	133	0.044041
354	FT911-1375	134	0.043915
354	FT911-4641	135	0.043832
354	FT911-4312	136	0.043646
354	FT911-1213	137	0.043606
354	FT911-4258	138	0.043313
354	FT911-3894	139	0.043147
354	FT911-5293	140	0.043132
354	FT911-3988	141	0.042979
354	FT911-3040	142	0.042745
354	FT911-1666	143	0.042700
354	FT911-1280	144	0.042633
354	FT911-3153	145	0.042199
354	FT911-2621	146	0.042104
354	FT911-2646	147	0.042103
354	FT911-1542	148	0.041880
354	FT911-2115	149	0.041848
354	FT911-693	150	0.041820
354	FT911-3016	151	0.041722
354	FT911-1899	152	0.041681
354	FT911-2161	153	0.041482
354	FT911-4976	154	0.041313
354	FT911-1259	155	0.041237
354	FT911-4837	156	0.040871
354	FT911-212	157	0.040627
354	FT911-3128	158	0.040522
354	FT911-4065	159	0.040259
354	FT911-3896	160	0.040160
354	FT911-503	161	0.040141
354	FT911-2031	162	0.040067
354	FT911-667	163	0.040000
354	FT911-5346	164	0.039858
354	FT911-1522	165	0.039695
354	FT911-198	166	0.039556
354	FT911-3098	167	0.039524
354	FT911-3767	168	0.039513
354	FT911-418	169	0.039453
354	FT911-989	170	0.039433
354	FT911-3537	171	0.039323
354	FT911-3909	172	0.039119
354	FT911-2987	173	0.039045
354	FT911-393	174	0.038778
354	FT911-3494	175	0.038468
354	FT911-3654	176	0.038451
354	FT911-3165	177	0.038436
354	FT911-1958	178	0.038081
354	FT911-3093	179	0.037988
354	FT911-2281	180	0.037928
354	FT911-2689	181	0.037744
354	FT911-710	182	0.037610
354	FT911-5054	183	0.037566
354	FT911-1083	184	0.037327
354	FT911-4603	185	0.037264
354	FT911-3987	186	0.037250
354	FT911-3305	187	0.037197
354	FT911-4654	188	0.037103
354	FT911-5238	189	0.036918
354	FT911-2719	190	0.036825
354	FT911-559	191	0.036790
354	FT911-1552	192	0.036755
354	FT911-1914	193	0.036723
354	FT911-4757	194	0.036407
354	FT911-4380	195	0.036368
354	FT911-1867	196	0.036280
354	FT911-3751	197	0.036088
354	FT911-3843	198	0.036076
354	FT911-2138	199	0.036066
354	FT911-3607	200	0.035690
354	FT911-2116	201	0.035658
354	FT911-1308	202	0.035499
354	FT911-4959	203	0.035447
354	FT911-2523	204	0.035358
354	FT911-4697	205	0.035303
354	FT911-3866	206	0.035223
354	FT911-255	207	0.035078
354	FT911-1528	208	0.034997
354	FT911-1297	209	0.034940
354	FT911-4319	210	0.034787
354	FT911-3718	211	0.034772
354	FT911-2505	212	0.034638
354	FT911-471	213	0.034458
354	FT911-4344	214	0.034420
354	FT911-3300	215	0.034414
354	FT911-4021	216	0.034343
354	FT911-2474	217	0.034255
354	FT911-663	218	0.034226
354	FT911-2182	219	0.034219
354	FT911-994	220	0.034195
354	FT911-1793	221	0.034191
354	FT911-4996	222	0.034188
354	FT911-1279	223	0.034182
354	FT911-2520	224	0.034007
354	FT911-3356	225	0.033966
354	FT911-3118	226	0.033606
354	FT911-467	227	0.033561
354	FT911-2061	228	0.033550
354	FT911-1281	229	0.033506
354	FT911-216	230	0.033478
354	FT911-2716	231	0.033478
354	FT911-2999	232	0.033440
354	FT911-3630	233	0.033404
354	FT911-3619	234	0.033345
354	FT911-5304	235	0.033229
354	FT911-4649	236	0.033226
354	FT911-1884	237	0.033202
354	FT911-3018	238	0.033198
354	FT911-540	239	0.033180
354	FT911-79	240	0.033171
354	FT911-1257	241	0.033079
354	FT911-1575	242	0.033051
354	FT911-3173	243	0.032987
354	FT911-4640	244	0.032968
354	FT911-3276	245	0.032964
354	FT911-3930	246	0.032916
354	FT911-738	247	0.032907
354	FT911-1577	248	0.032886
354	FT911-707	249	0.032878
354	FT911-3436	250	0.032728
354	FT911-1523	251	0.032627
354	FT911-1532	252	0.032599
354	FT911-3191	253	0.032526
354	FT911-2421	254	0.032473
354	FT911-3627	255	0.032260
354	FT911-4206	256	0.032208
354	FT911-5069	257	0.032208
354	FT911-4138	258	0.032128
354	FT911-3446	259	0.032116
354	FT911-2287	260	0.032096
354	FT911-2712	261	0.031983
354	FT911-2163	262	0.031968
354	FT911-1950	263	0.031939
354	FT911-1956	264	0.031874
354	FT911-4200	265	0.031849
354	FT911-2370	266	0.031784
354	FT911-4578	267	0.031780
354	FT911-627	268	0.031707
354	FT911-277	269	0.031654
354	FT911-2687	270	0.031641
354	FT911-3722	271	0.031608
354	FT911-863	272	0.031560
354	FT911-2991	273	0.031542
354	FT911-1270	274	0.031461
354	FT911-2992	275	0.031416
354	FT911-1995	276	0.031361
354	FT911-3658	277	0.031341
354	FT911-4645	278	0.031155
354	FT911-4272	279	0.031062
354	FT911-5037	280	0.030954
354	FT911-336	281	0.030875
354	FT911-132	282	0.030822
354	FT911-4266	283	0.030791
354	FT911-3643	284	0.030787
354	FT911-2558	285	0.030763
354	FT911-3888	286	0.030756
354	FT911-682	287	0.030727
354	FT911-220	288	0.030671
354	FT911-197	289	0.030636
354	FT911-2522	290	0.030623
354	FT911-5059	291	0.030527
354	FT911-1427	292	0.030481
354	FT911-1367	293	0.030407
354	FT911-1316	294	0.030339
354	FT911-4787	295	0.030334
354	FT911-759	296	0.030245
354	FT911-4076	297	0.030216
354	FT911-3404	298	0.030196
354	FT911-934	299	0.030147
354	FT911-4653	300	0.030111
354	FT911-3371	301	0.030108
354	FT911-1065	302	0.030073
354	FT911-2997	303	0.029858
354	FT911-2372	304	0.029818
354	FT911-1634	305	0.029791
354	FT911-112	306	0.029748
354	FT911-2458	307	0.029687
354	FT911-5171	308	0.029638
354	FT911-1475	309	0.029437
354	FT911-1595	310	0.029405
354	FT911-3923	311	0.029399
354	FT911-4176	312	0.029398
354	FT911-2339	313	0.029349
354	FT911-4194	314	0.029320
354	FT911-4125	315	0.029297
354	FT911-743	316	0.029240
354	FT911-2524	317	0.029213
354	FT911-3358	318	0.029160
354	FT911-5190	319	0.029131
354	FT911-243	320	0.029049
354	FT911-1436	321	0.028972
354	FT911-1615	322	0.028932
354	FT911-3976	323	0.028829
354	FT911-3407	324	0.028827
354	FT911-1673	325	0.028749
354	FT911-4050	326	0.028735
354	FT911-5164	327	0.028731
354	FT911-4448	328	0.028709
354	FT911-842	329	0.028655
354	FT911-252	330	0.028574
354	FT911-2510	331	0.028534
354	FT911-1263	332	0.028508
354	FT911-1388	333	0.028367
354	FT911-2643	334	0.028346
354	FT911-3879	335	0.028341
354	FT911-3576	336	0.028229
354	FT911-2272	337	0.028106
354	FT911-4104	338	0.028051
354	FT911-3745	339	0.027986
354	FT911-1887	340	0.027982
354	FT911-2567	341	0.027959
354	FT911-339	342	0.027948
354	FT911-3104	343	0.027944
354	FT911-3506	344	0.027929
354	FT911-2651	345	0.027921
354	FT911-1879	346	0.027847
354	FT911-3838	347	0.027837
354	FT911-222	348	0.027797
354	FT911-2980	349	0.027790
354	FT911-2979	350	0.027784
354	FT911-2237	351	0.027716
354	FT911-5040	352	0.027713
354	FT911-5215	353	0.027650
354	FT911-2591	354	0.027638
354	FT911-4754	355	0.027599
354	FT911-206	356	0.027558
354	FT911-1349	357	0.027419
354	FT911-4907	358	0.027418
354	FT911-4087	359	0.027267
354	FT911-4086	360	0.027255
354	FT911-2219	361	0.026963
354	FT911-615	362	0.026901
354	FT911-3504	363	0.026883
354	FT911-5088	364	0.026871
354	FT911-4844	365	0.026821
354	FT911-2622	366	0.026777
354	FT911-2971	367	0.026756
354	FT911-753	368	0.026718
354	FT911-1869	369	0.026702
354	FT911-3253	370	0.026573
354	FT911-4207	371	0.026571
354	FT911-1406	372	0.026564
354	FT911-560	373	0.026522
354	FT911-1354	374	0.026476
354	FT911-2962	375	0.026464
354	FT911-4720	376	0.026443
354	FT911-4292	377	0.026416
354	FT911-5101	378	0.026408
354	FT911-694	379	0.026376
354	FT911-133	380	0.026294
354	FT911-2465	381	0.026268
354	FT911-382	382	0.026246
354	FT911-352	383	0.026198
354	FT911-1658	384	0.026194
354	FT911-1093	385	0.026181
354	FT911-309	386	0.026173
354	FT911-433	387	0.026138
354	FT911-2352	388	0.026119
354	FT911-4377	389	0.026091
354	FT911-2420	390	0.026050
354	FT911-2714	391	0.026010
354	FT911-3363	392	0.025913
354	FT911-2152	393	0.025911
354	FT911-999	394	0.025858
354	FT911-1674	395	0.025844
354	FT911-1052	396	0.025611
354	FT911-1334	397	0.025607
354	FT911-1087	398	0.025597
354	FT911-4571	399	0.025557
354	FT911-1296	400	0.025542
354	FT911-3360	401	0.025484
354	FT911-1443	402	0.025467
354	FT911-504	403	0.025440
354	FT911-262	404	0.025296
354	FT911-408	405	0.025256
354	FT911-5097	406	0.025249
354	FT911-1022	407	0.025247
354	FT911-2256	408	0.025191
354	FT911-3350	409	0.025111
354	FT911-543	410	0.025091
354	FT911-606	411	0.025014
354	FT911-3414	412	0.025002
354	FT911-5278	413	0.024965
354	FT911-2122	414	0.024956
354	FT911-354	415	0.024919
354	FT911-371	416	0.024862
354	FT911-4085	417	0.024784
354	FT911-1792	418	0.024762
354	FT911-2525	419	0.024734
354	FT911-3221	420	0.024717
354	FT911-4201	421	0.024689
354	FT911-644	422	0.024671
354	FT911-5342	423	0.024667
354	FT911-2014	424	0.024614
354	FT911-3519	425	0.024606
354	FT911-1474	426	0.024570
354	FT911-4327	427	0.024546
354	FT911-4629	428	0.024528
354	FT911-734	429	0.024456
354	FT911-1791	430	0.024449
354	FT911-622	431	0.024381
354	FT911-1865	432	0.024380
354	FT911-942	433	0.024357
354	FT911-1266	434	0.024331
354	FT911-1934	435	0.024321
354	FT911-3860	436	0.024304
354	FT911-673	437	0.024285
354	FT911-131	438	0.024226
354	FT911-5213	439	0.024224
354	FT911-1700	440	0.024221
354	FT911-1055	441	0.024138
354	FT911-1993	442	0.024112
354	FT911-3515	443	0.024094
354	FT911-2943	444	0.024074
354	FT911-5240	445	0.024011
354	FT911-5182	446	0.023936
354	FT911-659	447	0.023935
354	FT911-3234	448	0.023925
354	FT911-3440	449	0.023923
354	FT911-827	450	0.023824
354	FT911-4587	451	0.023694
354	FT911-409	452	0.023683
354	FT911-3259	453	0.023670
354	FT911-3716	454	0.023601
354	FT911-1084	455	0.023581
354	FT911-1312	456	0.023551
354	FT911-755	457	0.023522
354	FT911-4801	458	0.023477
354	FT911-4060	459	0.023443
354	FT911-4828	460	0.023382
354	FT911-2118	461	0.023294
354	FT911-4580	462	0.023269
354	FT911-3242	463	0.023266
354	FT911-1526	464	0.023255
354	FT911-2799	465	0.023170
354	FT911-2649	466	0.023162
354	FT911-2891	467	0.023122
354	FT911-1089	468	0.023077
354	FT911-1592	469	0.023064
354	FT911-67	470	0.023058
354	FT911-2754	471	0.023054
354	FT911-3314	472	0.023049
354	FT911-3979	473	0.023043
354	FT911-47	474	0.023038
354	FT911-2134	475	0.022991
354	FT911-136	476	0.022972
354	FT911-3915	477	0.022880
354	FT911-2602	478	0.022854
354	FT911-3240	479	0.022853
354	FT911-3953	480	0.022853
354	FT911-1285	481	0.022823
354	FT911-3641	482	0.022810
354	FT911-2934	483	0.022798
354	FT911-5058	484	0.022750
354	FT911-3170	485	0.022747
354	FT911-1437	486	0.022735
354	FT911-3100	487	0.022733
354	FT911-1766	488	0.022712
354	FT911-886	489	0.022712
354	FT911-1300	490	0.022703
354	FT911-1715	491	0.022614
354	FT911-4290	492	0.022579
354	FT911-1962	493	0.022483
354	FT911-4789	494	0.022480
354	FT911-1653	495	0.022466
354	FT911-711	496	0.022413
354	FT911-2969	497	0.022407
354	FT911-1492	498	0.022356
354	FT911-4875	499	0.022350
354	FT911-4701	500	0.022346
354	FT911-908	501	0.022338
354	FT911-376	502	0.022329
354	FT911-632	503	0.022294
354	FT911-2082	504	0.022292
354	FT911-372	505	0.022284
354	FT911-154	506	0.022253
354	FT911-2552	507	0.022231
354	FT911-4054	508	0.022203
354	FT911-3008	509	0.022155
354	FT911-3267	510	0.022146
354	FT911-3232	511	0.022119
354	FT911-5345	512	0.022027
354	FT911-695	513	0.022023
354	FT911-4330	514	0.022016
354	FT911-3756	515	0.021986
354	FT911-3857	516	0.021959
354	FT911-1329	517	0.021936
354	FT911-4499	518	0.021928
354	FT911-141	519	0.021919
354	FT911-1303	520	0.021917
354	FT911-1096	521	0.021917
354	FT911-343	522	0.021896
354	FT911-3421	523	0.021890
354	FT911-4675	524	0.021885
354	FT911-1725	525	0.021860
354	FT911-2054	526	0.021838
354	FT911-628	527	0.021818
354	FT911-2557	528	0.021813
354	FT911-3868	529	0.021739
354	FT911-3131	530	0.021731
354	FT911-1188	531	0.021730
354	FT911-4092	532	0.021725
354	FT911-4599	533	0.021710
354	FT911-2620	534	0.021697
354	FT911-546	535	0.021688
354	FT911-1805	536	0.021643
354	FT911-2666	537	0.021604
354	FT911-3113	538	0.021588
354	FT911-2187	539	0.021587
354	FT911-1079	540	0.021576
354	FT911-1647	541	0.021565
354	FT911-1650	542	0.021543
354	FT911-605	543	0.021537
354	FT911-4651	544	0.021514
354	FT911-3144	545	0.021460
354	FT911-221	546	0.021403
354	FT911-3487	547	0.021403
354	FT911-4172	548	0.021378
354	FT911-5093	549	0.021336
354	FT911-3249	550	0.021299
354	FT911-4909	551	0.021280
354	FT911-1967	552	0.021244
354	FT911-660	553	0.021225
354	FT911-379	554	0.021221
354	FT911-1201	555	0.021217
354	FT911-4005	556	0.021208
354	FT911-2070	557	0.021158
354	FT911-5027	558	0.021152
354	FT911-3907	559	0.021075
354	FT911-1407	560	0.021073
354	FT911-3806	561	0.021057
354	FT911-462	562	0.021050
354	FT911-3984	563	0.021044
354	FT911-2829	564	0.021038
354	FT911-4903	565	0.021006
354	FT911-1619	566	0.020999
354	FT911-1066	567	0.020986
354	FT911-996	568	0.020985
354	FT911-3721	569	0.020977
354	FT911-137	570	0.020934
354	FT911-1498	571	0.020896
354	FT911-2386	572	0.020856
354	FT911-3540	573	0.020785
354	FT911-919	574	0.020753
354	FT911-4579	575	0.020745
354	FT911-3015	576	0.020723
354	FT911-1780	577	0.020722
354	FT911-821	578	0.020699
354	FT911-4636	579	0.020671
354	FT911-3948	580	0.020670
354	FT911-4646	581	0.020670
354	FT911-2768	582	0.020645
354	FT911-4204	583	0.020607
354	FT911-4648	584	0.020577
354	FT911-3635	585	0.020559
354	FT911-4043	586	0.020546
354	FT911-4325	587	0.020513
354	FT911-2574	588	0.020490
354	FT911-3729	589	0.020456
354	FT911-992	590	0.020438
354	FT911-4586	591	0.020393
354	FT911-3013	592	0.020390
354	FT911-1710	593	0.020385
354	FT911-241	594	0.020375
354	FT911-1276	595	0.020374
354	FT911-1915	596	0.020340
354	FT911-4270	597	0.020335
354	FT911-5264	598	0.020245
354	FT911-5120	599	0.020235
354	FT911-2476	600	0.020221
354	FT911-1440	601	0.020215
354	FT911-93	602	0.020198
354	FT911-832	603	0.020182
354	FT911-3709	604	0.020178
354	FT911-3087	605	0.020139
354	FT911-679	606	0.020084
354	FT911-1389	607	0.020063
354	FT911-3400	608	0.020033
354	FT911-2126	609	0.020024
354	FT911-2753	610	0.020012
354	FT911-2993	611	0.020007
354	FT911-3329	612	0.020003
354	FT911-3273	613	0.019996
354	FT911-965	614	0.019977
354	FT911-2662	615	0.019976
354	FT911-392	616	0.019969
354	FT911-943	617	0.019917
354	FT911-4592	618	0.019887
354	FT911-2845	619	0.019862
354	FT911-2391	620	0.019859
354	FT911-2291	621	0.019848
354	FT911-1358	622	0.019839
354	FT911-1283	623	0.019724
354	FT911-646	624	0.019710
354	FT911-4111	625	0.019707
354	FT911-1080	626	0.019676
354	FT911-85	627	0.019676
354	FT911-1953	628	0.019654
354	FT911-4764	629	0.019636
354	FT911-2561	630	0.019632
354	FT911-3079	631	0.019618
354	FT911-3945	632	0.019592
354	FT911-1398	633	0.019585
354	FT911-3359	634	0.019554
354	FT911-1307	635	0.019526
354	FT911-4071	636	0.019518
354	FT911-598	637	0.019479
354	FT911-1462	638	0.019467
354	FT911-1760	639	0.019452
354	FT911-3913	640	0.019451
354	FT911-91	641	0.019438
354	FT911-3370	642	0.019429
354	FT911-1516	643	0.019416
354	FT911-3444	644	0.019406
354	FT911-3052	645	0.019398
354	FT911-636	646	0.019356
354	FT911-3094	647	0.019329
354	FT911-1541	648	0.019289
354	FT911-1999	649	0.019285
354	FT911-1990	650	0.019255
354	FT911-3516	651	0.019243
354	FT911-4554	652	0.019221
354	FT911-2033	653	0.019178
354	FT911-2986	654	0.019172
354	FT911-436	655	0.019143
354	FT911-3336	656	0.019119
354	FT911-5316	657	0.019099
354	FT911-1534	658	0.019081
354	FT911-476	659	0.019069
354	FT911-2894	660	0.019064
354	FT911-2652	661	0.019023
354	FT911-647	662	0.019016
354	FT911-391	663	0.018975
354	FT911-910	664	0.018950
354	FT911-1355	665	0.018944
354	FT911-5116	666	0.018939
354	FT911-1979	667	0.018938
354	FT911-1043	668	0.018919
354	FT911-3010	669	0.018915
354	FT911-971	670	0.018871
354	FT911-4970	671	0.018824
354	FT911-264	672	0.018807
354	FT911-2865	673	0.018780
354	FT911-2924	674	0.018770
354	FT911-130	675	0.018749
354	FT911-4878	676	0.018719
354	FT911-4524	677	0.018672
354	FT911-4986	678	0.018661
354	FT911-4750	679	0.018632
354	FT911-839	680	0.018606
354	FT911-2195	681	0.018551
354	FT911-5270	682	0.018548
354	FT911-1383	683	0.018519
354	FT911-140	684	0.018483
354	FT911-780	685	0.018455
354	FT911-1644	686	0.018429
354	FT911-3287	687	0.018397
354	FT911-2165	688	0.018362
354	FT911-4458	689	0.018360
354	FT911-4072	690	0.018338
354	FT911-4868	691	0.018282
354	FT911-1309	692	0.018256
354	FT911-3409	693	0.018254
354	FT911-3210	694	0.018249
354	FT911-3617	695	0.018214
354	FT911-3328	696	0.018211
354	FT911-2447	697	0.018184
354	FT911-3590	698	0.018161
354	FT911-1176	699	0.018115
354	FT911-4208	700	0.018109
354	FT911-2402	701	0.018100
354	FT911-2644	702	0.018074
354	FT911-1651	703	0.018069
354	FT911-4257	704	0.018051
354	FT911-3604	705	0.018040
354	FT911-2457	706	0.018035
354	FT911-810	707	0.018025
354	FT911-291	708	0.018018
354	FT911-4897	709	0.018004
354	FT911-4601	710	0.018002
354	FT911-3676	711	0.017981
354	FT911-1063	712	0.017980
354	FT911-804	713	0.017965
354	FT911-3004	714	0.017959
354	FT911-1898	715	0.017956
354	FT911-1258	716	0.017911
354	FT911-2259	717	0.017909
354	FT911-777	718	0.017905
354	FT911-4873	719	0.017868
354	FT911-1369	720	0.017868
354	FT911-902	721	0.017866
354	FT911-3626	722	0.017858
354	FT911-5239	723	0.017852
354	FT911-3006	724	0.017822
354	FT911-2741	725	0.017818
354	FT911-3417	726	0.017811
354	FT911-2774	727	0.017778
354	FT911-2575	728	0.017737
354	FT911-4647	729	0.017703
354	FT911-1480	730	0.017688
354	FT911-3507	731	0.017673
354	FT911-3876	732	0.017648
354	FT911-951	733	0.017640
354	FT911-5233	734	0.017591
354	FT911-4089	735	0.017576
354	FT911-1663	736	0.017571
354	FT911-2615	737	0.017566
354	FT911-2240	738	0.017551
354	FT911-1781	739	0.017547
354	FT911-294	740	0.017536
354	FT911-3340	741	0.017534
354	FT911-4692	742	0.017521
354	FT911-5186	743	0.017512
354	FT911-962	744	0.017510
354	FT911-2879	745	0.017504
354	FT911-2406	746	0.017503
354	FT911-3580	747	0.017503
354	FT911-1682	748	0.017486
354	FT911-55	749	0.017463
354	FT911-1140	750	0.017428
354	FT911-5161	751	0.017423
354	FT911-3508	752	0.017402
354	FT911-2673	753	0.017343
354	FT911-4968	754	0.017335
354	FT911-561	755	0.017326
354	FT911-1174	756	0.017321
354	FT911-3535	757	0.017320
354	FT911-2248	758	0.017315
354	FT911-2306	759	0.017314
354	FT911-1264	760	0.017269
354	FT911-2143	761	0.017264
354	FT911-1981	762	0.017253
354	FT911-2656	763	0.017238
354	FT911-4018	764	0.017229
354	FT911-3337	765	0.017181
354	FT911-2884	766	0.017129
354	FT911-3433	767	0.017126
354	FT911-1180	768	0.017120
354	FT911-4972	769	0.017106
354	FT911-3967	770	0.017080
354	FT911-434	771	0.017064
354	FT911-2619	772	0.017057
354	FT911-4612	773	0.017053
354	FT911-2263	774	0.017051
354	FT911-1306	775	0.017050
354	FT911-1206	776	0.017039
354	FT911-1353	777	0.017038
354	FT911-2939	778	0.017036
354	FT911-377	779	0.017022
354	FT911-4425	780	0.017020
354	FT911-1372	781	0.017020
354	FT911-5259	782	0.017015
354	FT911-2626	783	0.016998
354	FT911-3090	784	0.016993
354	FT911-4521	785	0.016953
354	FT911-269	786	0.016940
354	FT911-56	787	0.016926
354	FT911-4642	788	0.016913
354	FT911-1593	789	0.016900
354	FT911-3244	790	0.016871
354	FT911-5140	791	0.016831
354	FT911-3864	792	0.016816
354	FT911-3398	793	0.016785
354	FT911-3377	794	0.016709
354	FT911-310	795	0.016707
354	FT911-2193	796	0.016704
354	FT911-1513	797	0.016673
354	FT911-1220	798	0.016671
354	FT911-4068	799	0.016661
354	FT911-4014	800	0.016661
354	FT911-346	801	0.016655
354	FT911-658	802	0.016647
354	FT911-2956	803	0.016570
354	FT911-4821	804	0.016540
354	FT911-900	805	0.016535
354	FT911-4122	806	0.016512
354	FT911-1866	807	0.016457
354	FT911-4670	808	0.016415
354	FT911-2848	809	0.016413
354	FT911-2617	810	0.016399
354	FT911-1687	811	0.016389
354	FT911-4836	812	0.016378
354	FT911-2521	813	0.016376
354	FT911-4307	814	0.016376
354	FT911-1210	815	0.016374
354	FT911-2792	816	0.016363
354	FT911-135	817	0.016362
354	FT911-4179	818	0.016357
354	FT911-894	819	0.016339
354	FT911-1356	820	0.016313
354	FT911-521	821	0.016312
354	FT911-4324	822	0.016310
354	FT911-1082	823	0.016301
354	FT911-5255	824	0.016272
354	FT911-4271	825	0.016253
354	FT911-24	826	0.016235
354	FT911-5241	827	0.016212
354	FT911-4095	828	0.016188
354	FT911-2188	829	0.016140
354	FT911-5283	830	0.016131
354	FT911-2723	831	0.016113
354	FT911-4558	832	0.016094
354	FT911-3251	833	0.016061
354	FT911-1046	834	0.016038
354	FT911-3588	835	0.016027
354	FT911-1192	836	0.016027
354	FT911-1431	837	0.016026
354	FT911-2486	838	0.016001
354	FT911-5331	839	0.015976
354	FT911-4468	840	0.015970
354	FT911-1491	841	0.015931
354	FT911-1732	842	0.015931
354	FT911-4795	843	0.015923
354	FT911-513	844	0.015913
354	FT911-5284	845	0.015905
354	FT911-1272	846	0.015894
354	FT911-474	847	0.015889
354	FT911-826	848	0.015874
354	FT911-1002	849	0.015872
354	FT911-3280	850	0.015866
354	FT911-2493	851	0.015859
354	FT911-2901	852	0.015858
354	FT911-2757	853	0.015849
354	FT911-3646	854	0.015828
354	FT911-4343	855	0.015804
354	FT911-42	856	0.015778
354	FT911-4053	857	0.015765
354	FT911-770	858	0.015745
354	FT911-5008	859	0.015700
354	FT911-2750	860	0.015686
354	FT911-4743	861	0.015685
354	FT911-97	862	0.015672
354	FT911-3856	863	0.015662
354	FT911-1681	864	0.015655
354	FT911-2114	865	0.015653
354	FT911-369	866	0.015650
354	FT911-2856	867	0.015631
354	FT911-875	868	0.015627
354	FT911-3886	869	0.015600
354	FT911-251	870	0.015597
354	FT911-414	871	0.015593
354	FT911-1269	872	0.015584
354	FT911-2872	873	0.015583
354	FT911-2294	874	0.015583
354	FT911-5333	875	0.015561
354	FT911-5260	876	0.015539
354	FT911-635	877	0.015513
354	FT911-3746	878	0.015510
354	FT911-4329	879	0.015509
354	FT911-1343	880	0.015508
354	FT911-2835	881	0.015504
354	FT911-2983	882	0.015500
354	FT911-134	883	0.015499
354	FT911-378	884	0.015498
354	FT911-3865	885	0.015471
354	FT911-1045	886	0.015419
354	FT911-3096	887	0.015416
354	FT911-4661	888	0.015412
354	FT911-3295	889	0.015375
354	FT911-1153	890	0.015363
354	FT911-3111	891	0.015361
354	FT911-745	892	0.015348
354	FT911-4442	893	0.015321
354	FT911-5303	894	0.015312
354	FT911-829	895	0.015295
354	FT911-383	896	0.015284
354	FT911-3334	897	0.015278
354	FT911-3301	898	0.015266
354	FT911-3368	899	0.015248
354	FT911-1253	900	0.015240
354	FT911-3852	901	0.015236
354	FT911-3252	902	0.015222
354	FT911-1186	903	0.015171
354	FT911-3129	904	0.015168
354	FT911-4829	905	0.015168
354	FT911-1529	906	0.015160
354	FT911-1057	907	0.015147
354	FT911-3730	908	0.015132
354	FT911-488	909	0.015127
354	FT911-4447	910	0.015124
354	FT911-1629	911	0.015097
354	FT911-1770	912	0.015096
354	FT911-125	913	0.015092
354	FT911-3531	914	0.015090
354	FT911-3171	915	0.015077
354	FT911-3122	916	0.015069
354	FT911-3802	917	0.015069
354	FT911-2274	918	0.015056
354	FT911-4045	919	0.015043
354	FT911-866	920	0.015010
354	FT911-3620	921	0.015007
354	FT911-2529	922	0.014973
354	FT911-1438	923	0.014935
354	FT911-2760	924	0.014934
354	FT911-5302	925	0.014913
354	FT911-3605	926	0.014912
354	FT911-3255	927	0.014911
354	FT911-2870	928	0.014890
354	FT911-1195	929	0.014887
354	FT911-3023	930	0.014884
354	FT911-1496	931	0.014874
354	FT911-5094	932	0.014865
354	FT911-4073	933	0.014863
354	FT911-177	934	0.014859
354	FT911-807	935	0.014855
354	FT911-1621	936	0.014805
354	FT911-2209	937	0.014800
354	FT911-2625	938	0.014799
354	FT911-4423	939	0.014795
354	FT911-2648	940	0.014794
354	FT911-4035	941	0.014793
354	FT911-4864	942	0.014789
354	FT911-4824	943	0.014779
354	FT911-4479	944	0.014751
354	FT911-1077	945	0.014723
354	FT911-2419	946	0.014715
354	FT911-2	947	0.014704
354	FT911-4114	948	0.014697
354	FT911-4130	949	0.014695
354	FT911-4623	950	0.014693
354	FT911-384	951	0.014686
354	FT911-1327	952	0.014675
354	FT911-1890	953	0.014658
354	FT911-1423	954	0.014645
354	FT911-640	955	0.014640
354	FT911-4833	956	0.014640
354	FT911-3596	957	0.014637
354	FT911-764	958	0.014621
354	FT911-556	959	0.014599
354	FT911-138	960	0.014598
354	FT911-4991	961	0.014596
354	FT911-3927	962	0.014589
354	FT911-1572	963	0.014586
354	FT911-872	964	0.014568
354	FT911-855	965	0.014563
354	FT911-1973	966	0.014563
354	FT911-1775	967	0.014548
354	FT911-4169	968	0.014529
354	FT911-4304	969	0.014523
354	FT911-4075	970	0.014511
354	FT911-3660	971	0.014499
354	FT911-4139	972	0.014497
354	FT911-1091	973	0.014492
354	FT911-4219	974	0.014490
354	FT911-3484	975	0.014459
354	FT911-431	976	0.014450
354	FT911-1764	977	0.014431
354	FT911-1254	978	0.014423
354	FT911-1287	979	0.014414
354	FT911-4103	980	0.014399
354	FT911-802	981	0.014392
354	FT911-754	982	0.014354
354	FT911-1885	983	0.014323
354	FT911-4213	984	0.014308
354	FT911-4121	985	0.014307
354	FT911-2739	986	0.014295
354	FT911-1008	987	0.014273
354	FT911-2736	988	0.014272
354	FT911-2261	989	0.014242
354	FT911-2548	990	0.014225
354	FT911-2338	991	0.014222
354	FT911-1359	992	0.014222
354	FT911-1556	993	0.014193
354	FT911-2477	994	0.014187
354	FT911-272	995	0.014179
354	FT911-870	996	0.014173
354	FT911-1211	997	0.014164
354	FT911-2882	998	0.014160
354	FT911-1418	999	0.014157
354	FT911-380	1000	0.014139
359	FT911-428	1	0.172670
359	FT911-4650	2	0.166244
359	FT911-1897	3	0.122226
359	FT911-1265	4	0.116886
359	FT911-2046	5	0.115425
359	FT911-4679	6	0.111314
359	FT911-5129	7	0.108360
359	FT911-3973	8	0.107653
359	FT911-391	9	0.107167
359	FT911-3149	10	0.101585
359	FT911-2469	11	0.098498
359	FT911-4652	12	0.097951
359	FT911-2017	13	0.094804
359	FT911-4645	14	0.094573
359	FT911-1211	15	0.093188
359	FT911-2712	16	0.091902
359	FT911-1899	17	0.091654
359	FT911-2997	18	0.091334
359	FT911-3276	19	0.089385
359	FT911-4655	20	0.089217
359	FT911-548	21	0.087953
359	FT911-2465	22	0.086758
359	FT911-4640	23	0.085770
359	FT911-1294	24	0.084523
359	FT911-1995	25	0.084294
359	FT911-721	26	0.083472
359	FT911-5244	27	0.083435
359	FT911-5231	28	0.082530
359	FT911-2689	29	0.081869
359	FT911-2276	30	0.081824
359	FT911-4200	31	0.081405
359	FT911-4648	32	0.081311
359	FT911-1673	33	0.079812
359	FT911-4575	34	0.079518
359	FT911-2300	35	0.078911
359	FT911-2637	36	0.078430
359	FT911-2222	37	0.077944
359	FT911-4283	38	0.077020
359	FT911-4647	39	0.076796
359	FT911-1082	40	0.076150
359	FT911-4176	41	0.075866
359	FT911-1369	42	0.074870
359	FT911-3000	43	0.074213
359	FT911-3094	44	0.074144
359	FT911-4024	45	0.073389
359	FT911-934	46	0.073026
359	FT911-2342	47	0.072526
359	FT911-729	48	0.072288
359	FT911-1819	49	0.071746
359	FT911-4574	50	0.071125
359	FT911-618	51	0.070542
359	FT911-3242	52	0.070355
359	FT911-515	53	0.070225
359	FT911-2913	54	0.069991
359	FT911-3153	55	0.069773
359	FT911-4649	56	0.069684
359	FT911-3494	57	0.069133
359	FT911-4787	58	0.069008
359	FT911-1263	59	0.068705
359	FT911-5059	60	0.068198
359	FT911-601	61	0.068000
359	FT911-90	62	0.067989
359	FT911-965	63	0.067561
359	FT911-2488	64	0.066613
359	FT911-5121	65	0.066553
359	FT911-4270	66	0.066480
359	FT911-4596	67	0.066421
359	FT911-2520	68	0.066392
359	FT911-202	69	0.066357
359	FT911-4722	70	0.065988
359	FT911-5120	71	0.065938
359	FT911-318	72	0.065879
359	FT911-4653	73	0.065662
359	FT911-5238	74	0.065503
359	FT911-1034	75	0.065401
359	FT911-2452	76	0.065215
359	FT911-3945	77	0.065173
359	FT911-3533	78	0.065117
359	FT911-314	79	0.065089
359	FT911-1316	80	0.064883
359	FT911-2116	81	0.064373
359	FT911-4206	82	0.064071
359	FT911-5178	83	0.063729
359	FT911-1328	84	0.063394
359	FT911-4856	85	0.063314
359	FT911-5051	86	0.063150
359	FT911-4207	87	0.062745
359	FT911-3013	88	0.062656
359	FT911-392	89	0.062292
359	FT911-2773	90	0.062145
359	FT911-3645	91	0.062079
359	FT911-341	92	0.061714
359	FT911-2117	93	0.061032
359	FT911-2923	94	0.060904
359	FT911-674	95	0.060723
359	FT911-3281	96	0.060720
359	FT911-3559	97	0.060720
359	FT911-5346	98	0.060709
359	FT911-4569	99	0.060549
359	FT911-1595	100	0.060500
359	FT911-5099	101	0.060496
359	FT911-128	102	0.060347
359	FT911-4264	103	0.060212
359	FT911-918	104	0.060133
359	FT911-4258	105	0.060121
359	FT911-1125	106	0.060113
359	FT911-4373	107	0.060110
359	FT911-315	108	0.060049
359	FT911-1701	109	0.060045
359	FT911-452	110	0.060045
359	FT911-4162	111	0.060042
359	FT911-3774	112	0.059904
359	FT911-1542	113	0.059886
359	FT911-2219	114	0.059846
359	FT911-3016	115	0.059659
359	FT911-2194	116	0.059593
359	FT911-4639	117	0.059468
359	FT911-2978	118	0.059397
359	FT911-1942	119	0.059074
359	FT911-4976	120	0.059074
359	FT911-4883	121	0.058964
359	FT911-3235	122	0.058890
359	FT911-1463	123	0.058781
359	FT911-3404	124	0.058688
359	FT911-2983	125	0.058686
359	FT911-804	126	0.058586
359	FT911-2992	127	0.058556
359	FT911-5086	128	0.058554
359	FT911-2989	129	0.058502
359	FT911-4651	130	0.058464
359	FT911-4837	131	0.058442
359	FT911-559	132	0.058232
359	FT911-2454	133	0.058063
359	FT911-1412	134	0.057926
359	FT911-2087	135	0.057864
359	FT911-4026	136	0.057555
359	FT911-3473	137	0.057527
359	FT911-3643	138	0.057326
359	FT911-2711	139	0.057169
359	FT911-4104	140	0.057157
359	FT911-1312	141	0.057085
359	FT911-1517	142	0.057062
359	FT911-165	143	0.057027
359	FT911-3098	144	0.056720
359	FT911-3654	145	0.056577
359	FT911-3917	146	0.056537
359	FT911-1242	147	0.056522
359	FT911-2437	148	0.056459
359	FT911-4271	149	0.056245
359	FT911-595	150	0.056014
359	FT911-4644	151	0.055954
359	FT911-1729	152	0.055861
359	FT911-2522	153	0.055851
359	FT911-197	154	0.055744
359	FT911-1994	155	0.055572
359	FT911-1572	156	0.055560
359	FT911-3406	157	0.055552
359	FT911-830	158	0.055492
359	FT911-1700	159	0.055415
359	FT911-594	160	0.055325
359	FT911-5030	161	0.055215
359	FT911-4641	162	0.055171
359	FT911-3283	163	0.055020
359	FT911-200	164	0.054872
359	FT911-5018	165	0.054781
359	FT911-4904	166	0.054627
359	FT911-1944	167	0.054593
359	FT911-2994	168	0.054521
359	FT911-2510	169	0.054097
359	FT911-1317	170	0.053818
359	FT911-5187	171	0.053451
359	FT911-3930	172	0.053434
359	FT911-1282	173	0.053424
359	FT911-2277	174	0.053405
359	FT911-4508	175	0.053286
359	FT911-2644	176	0.053171
359	FT911-2845	177	0.052934
359	FT911-220	178	0.052657
359	FT911-4585	179	0.052602
359	FT911-1048	180	0.052486
359	FT911-2719	181	0.052103
359	FT911-5150	182	0.051770
359	FT911-1521	183	0.051752
359	FT911-3843	184	0.051586
359	FT911-1532	185	0.051539
359	FT911-4488	186	0.051473
359	FT911-3137	187	0.051438
359	FT911-4643	188	0.051337
359	FT911-4582	189	0.051144
359	FT911-3040	190	0.051114
359	FT911-4327	191	0.051008
359	FT911-204	192	0.050826
359	FT911-4959	193	0.050687
359	FT911-2420	194	0.050634
359	FT911-5171	195	0.050618
359	FT911-4685	196	0.050599
359	FT911-3468	197	0.050571
359	FT911-3701	198	0.050553
359	FT911-5185	199	0.050523
359	FT911-5323	200	0.050433
359	FT911-4654	201	0.050388
359	FT911-3979	202	0.050020
359	FT911-842	203	0.049920
359	FT911-2248	204	0.049912
359	FT911-693	205	0.049842
359	FT911-5296	206	0.049751
359	FT911-4907	207	0.049749
359	FT911-4319	208	0.049743
359	FT911-2115	209	0.049733
359	FT911-1633	210	0.049713
359	FT911-2860	211	0.049651
359	FT911-761	212	0.049464
359	FT911-4025	213	0.049400
359	FT911-5317	214	0.049383
359	FT911-20	215	0.049175
359	FT911-2774	216	0.049140
359	FT911-1755	217	0.049023
359	FT911-4092	218	0.048505
359	FT911-336	219	0.048374
359	FT911-2929	220	0.048367
359	FT911-2979	221	0.048269
359	FT911-4095	222	0.048143
359	FT911-3623	223	0.048067
359	FT911-3350	224	0.047725
359	FT911-2061	225	0.047709
359	FT911-4322	226	0.047617
359	FT911-2480	227	0.047547
359	FT911-2626	228	0.047502
359	FT911-3044	229	0.047230
359	FT911-2343	230	0.046979
359	FT911-4734	231	0.046925
359	FT911-680	232	0.046839
359	FT911-3519	233	0.046765
359	FT911-2589	234	0.046621
359	FT911-1230	235	0.046566
359	FT911-5293	236	0.046447
359	FT911-4636	237	0.046427
359	FT911-2596	238	0.046406
359	FT911-1629	239	0.046329
359	FT911-615	240	0.046253
359	FT911-4368	241	0.046248
359	FT911-407	242	0.046182
359	FT911-1634	243	0.046127
359	FT911-1424	244	0.046046
359	FT911-3767	245	0.046011
359	FT911-3275	246	0.045957
359	FT911-4138	247	0.045940
359	FT911-2999	248	0.045852
359	FT911-4782	249	0.045839
359	FT911-734	250	0.045818
359	FT911-1552	251	0.045758
359	FT911-2278	252	0.045719
359	FT911-2892	253	0.045707
359	FT911-94	254	0.045632
359	FT911-3504	255	0.045483
359	FT911-4656	256	0.045467
359	FT911-5196	257	0.045411
359	FT911-1887	258	0.045213
359	FT911-1836	259	0.045213
359	FT911-3806	260	0.045194
359	FT911-2505	261	0.045184
359	FT911-511	262	0.045118
359	FT911-4642	263	0.045084
359	FT911-2622	264	0.044973
359	FT911-1154	265	0.044953
359	FT911-1623	266	0.044952
359	FT911-3118	267	0.044831
359	FT911-3578	268	0.044796
359	FT911-3104	269	0.044758
359	FT911-1645	270	0.044691
359	FT911-1628	271	0.044628
359	FT911-4419	272	0.044466
359	FT911-3546	273	0.044466
359	FT911-5157	274	0.044442
359	FT911-1529	275	0.044267
359	FT911-942	276	0.044254
359	FT911-4862	277	0.044250
359	FT911-1867	278	0.044235
359	FT911-3407	279	0.044233
359	FT911-2986	280	0.044092
359	FT911-5300	281	0.044092
359	FT911-3914	282	0.044053
359	FT911-3258	283	0.043980
359	FT911-821	284	0.043978
359	FT911-682	285	0.043937
359	FT911-1055	286	0.043857
359	FT911-186	287	0.043625
359	FT911-4060	288	0.043509
359	FT911-2009	289	0.043460
359	FT911-862	290	0.043384
359	FT911-2396	291	0.043368
359	FT911-1280	292	0.043347
359	FT911-2424	293	0.043309
359	FT911-4553	294	0.043306
359	FT911-21	295	0.043281
359	FT911-1696	296	0.043232
359	FT911-3314	297	0.043182
359	FT911-4589	298	0.043094
359	FT911-3128	299	0.042969
359	FT911-4110	300	0.042901
359	FT911-3093	301	0.042769
359	FT911-2372	302	0.042638
359	FT911-198	303	0.042612
359	FT911-2032	304	0.042604
359	FT911-1928	305	0.042549
359	FT911-1384	306	0.042502
359	FT911-5186	307	0.042443
359	FT911-3888	308	0.042406
359	FT911-1344	309	0.042393
359	FT911-4584	310	0.042377
359	FT911-2826	311	0.042370
359	FT911-3876	312	0.042357
359	FT911-3331	313	0.042259
359	FT911-2714	314	0.042209
359	FT911-1210	315	0.042194
359	FT911-3596	316	0.042094
359	FT911-3709	317	0.042073
359	FT911-4288	318	0.042015
359	FT911-4202	319	0.041897
359	FT911-2457	320	0.041879
359	FT911-5240	321	0.041878
359	FT911-696	322	0.041847
359	FT911-679	323	0.041835
359	FT911-5299	324	0.041822
359	FT911-61	325	0.041614
359	FT911-3740	326	0.041493
359	FT911-2956	327	0.041470
359	FT911-2751	328	0.041459
359	FT911-3591	329	0.041452
359	FT911-331	330	0.041325
359	FT911-4720	331	0.041294
359	FT911-276	332	0.041292
359	FT911-376	333	0.041247
359	FT911-151	334	0.041199
359	FT911-2288	335	0.041179
359	FT911-4970	336	0.040997
359	FT911-3260	337	0.040961
359	FT911-4987	338	0.040889
359	FT911-2621	339	0.040846
359	FT911-4789	340	0.040842
359	FT911-2998	341	0.040818
359	FT911-2523	342	0.040575
359	FT911-4675	343	0.040563
359	FT911-697	344	0.040461
359	FT911-4583	345	0.040298
359	FT911-1715	346	0.040268
359	FT911-3359	347	0.040249
359	FT911-2672	348	0.040170
359	FT911-4027	349	0.040167
359	FT911-2209	350	0.040145
359	FT911-2627	351	0.039830
359	FT911-1647	352	0.039795
359	FT911-1201	353	0.039749
359	FT911-4580	354	0.039740
359	FT911-1407	355	0.039677
359	FT911-1648	356	0.039671
359	FT911-2237	357	0.039631
359	FT911-1153	358	0.039582
359	FT911-2949	359	0.039538
359	FT911-4865	360	0.039504
359	FT911-4699	361	0.039465
359	FT911-2763	362	0.039457
359	FT911-3529	363	0.039300
359	FT911-4134	364	0.039161
359	FT911-1898	365	0.039160
359	FT911-1343	366	0.039053
359	FT911-2995	367	0.039030
359	FT911-1446	368	0.038981
359	FT911-401	369	0.038979
359	FT911-5037	370	0.038934
359	FT911-1719	371	0.038830
359	FT911-1096	372	0.038829
359	FT911-2982	373	0.038824
359	FT911-2029	374	0.038649
359	FT911-3830	375	0.038452
359	FT911-4757	376	0.038404
359	FT911-1556	377	0.038401
359	FT911-2574	378	0.038388
359	FT911-1979	379	0.038373
359	FT911-5064	380	0.038318
359	FT911-3986	381	0.038267
359	FT911-1592	382	0.038229
359	FT911-4595	383	0.038212
359	FT911-1950	384	0.038044
359	FT911-5298	385	0.037992
359	FT911-3912	386	0.037979
359	FT911-5326	387	0.037952
359	FT911-3191	388	0.037865
359	FT911-252	389	0.037831
359	FT911-4646	390	0.037813
359	FT911-3001	391	0.037734
359	FT911-190	392	0.037708
359	FT911-4125	393	0.037674
359	FT911-3433	394	0.037570
359	FT911-3849	395	0.037551
359	FT911-3303	396	0.037540
359	FT911-3534	397	0.037480
359	FT911-3356	398	0.037472
359	FT911-309	399	0.037426
359	FT911-3665	400	0.037376
359	FT911-1830	401	0.037365
359	FT911-5201	402	0.037362
359	FT911-4627	403	0.037351
359	FT911-2352	404	0.037348
359	FT911-5039	405	0.037269
359	FT911-42	406	0.037254
359	FT911-4558	407	0.037223
359	FT911-4289	408	0.037153
359	FT911-2014	409	0.037141
359	FT911-4972	410	0.037140
359	FT911-664	411	0.037081
359	FT911-3102	412	0.037021
359	FT911-2641	413	0.037003
359	FT911-2692	414	0.036979
359	FT911-3004	415	0.036978
359	FT911-1059	416	0.036971
359	FT911-2990	417	0.036965
359	FT911-3630	418	0.036903
359	FT911-248	419	0.036884
359	FT911-2533	420	0.036838
359	FT911-1522	421	0.036820
359	FT911-2103	422	0.036795
359	FT911-4630	423	0.036785
359	FT911-2584	424	0.036776
359	FT911-994	425	0.036723
359	FT911-4479	426	0.036704
359	FT911-3293	427	0.036670
359	FT911-1334	428	0.036616
359	FT911-5264	429	0.036614
359	FT911-1839	430	0.036606
359	FT911-4213	431	0.036546
359	FT911-4348	432	0.036528
359	FT911-3523	433	0.036510
359	FT911-2521	434	0.036494
359	FT911-1443	435	0.036416
359	FT911-1066	436	0.036401
359	FT911-5233	437	0.036373
359	FT911-1406	438	0.036294
359	FT911-3743	439	0.036293
359	FT911-1309	440	0.036282
359	FT911-329	441	0.036279
359	FT911-2070	442	0.036135
359	FT911-4265	443	0.036054
359	FT911-2762	444	0.036032
359	FT911-3380	445	0.036004
359	FT911-665	446	0.035978
359	FT911-3927	447	0.035932
359	FT911-1857	448	0.035837
359	FT911-1534	449	0.035771
359	FT911-783	450	0.035748
359	FT911-1730	451	0.035742
359	FT911-5278	452	0.035698
359	FT911-2122	453	0.035686
359	FT911-1318	454	0.035681
359	FT911-1943	455	0.035660
359	FT911-3827	456	0.035606
359	FT911-2646	457	0.035558
359	FT911-4615	458	0.035513
359	FT911-3627	459	0.035459
359	FT911-4085	460	0.035439
359	FT911-971	461	0.035354
359	FT911-4201	462	0.035304
359	FT911-4980	463	0.035296
359	FT911-5342	464	0.035272
359	FT911-3402	465	0.035058
359	FT911-3109	466	0.035038
359	FT911-2031	467	0.035020
359	FT911-1763	468	0.035005
359	FT911-138	469	0.034920
359	FT911-3732	470	0.034899
359	FT911-3312	471	0.034899
359	FT911-1910	472	0.034831
359	FT911-4588	473	0.034774
359	FT911-2754	474	0.034718
359	FT911-3248	475	0.034667
359	FT911-4552	476	0.034581
359	FT911-216	477	0.034562
359	FT911-4870	478	0.034560
359	FT911-1436	479	0.034454
359	FT911-1596	480	0.034428
359	FT911-2943	481	0.034425
359	FT911-3087	482	0.034396
359	FT911-1019	483	0.034388
359	FT911-606	484	0.034363
359	FT911-2112	485	0.034345
359	FT911-4467	486	0.034318
359	FT911-3417	487	0.034249
359	FT911-520	488	0.034144
359	FT911-4929	489	0.034143
359	FT911-2063	490	0.034100
359	FT911-382	491	0.034092
359	FT911-1726	492	0.034045
359	FT911-1881	493	0.034012
359	FT911-5295	494	0.034010
359	FT911-1408	495	0.033974
359	FT911-5324	496	0.033923
359	FT911-4706	497	0.033920
359	FT911-3939	498	0.033895
359	FT911-4334	499	0.033893
359	FT911-4816	500	0.033890
359	FT911-4986	501	0.033888
359	FT911-4068	502	0.033887
359	FT911-2694	503	0.033767
359	FT911-3084	504	0.033750
359	FT911-890	505	0.033728
359	FT911-1122	506	0.033701
359	FT911-2987	507	0.033684
359	FT911-2632	508	0.033659
359	FT911-1445	509	0.033655
359	FT911-831	510	0.033637
359	FT911-4140	511	0.033594
359	FT911-1222	512	0.033439
359	FT911-1454	513	0.033401
359	FT911-1474	514	0.033380
359	FT911-2984	515	0.033367
359	FT911-3868	516	0.033365
359	FT911-3909	517	0.033303
359	FT911-989	518	0.033302
359	FT911-311	519	0.033236
359	FT911-2119	520	0.033214
359	FT911-3537	521	0.033210
359	FT911-1002	522	0.033196
359	FT911-5040	523	0.033139
359	FT911-3052	524	0.033129
359	FT911-2891	525	0.033063
359	FT911-936	526	0.032880
359	FT911-3952	527	0.032780
359	FT911-4504	528	0.032772
359	FT911-1288	529	0.032720
359	FT911-632	530	0.032719
359	FT911-433	531	0.032690
359	FT911-3240	532	0.032679
359	FT911-3243	533	0.032671
359	FT911-1861	534	0.032648
359	FT911-884	535	0.032629
359	FT911-4860	536	0.032619
359	FT911-2934	537	0.032599
359	FT911-2441	538	0.032544
359	FT911-2581	539	0.032529
359	FT911-1766	540	0.032477
359	FT911-5162	541	0.032417
359	FT911-141	542	0.032411
359	FT911-3249	543	0.032400
359	FT911-4905	544	0.032399
359	FT911-5075	545	0.032284
359	FT911-4748	546	0.032256
359	FT911-2684	547	0.032233
359	FT911-1831	548	0.032174
359	FT911-132	549	0.032157
359	FT911-2988	550	0.032120
359	FT911-817	551	0.032098
359	FT911-4680	552	0.032046
359	FT911-3576	553	0.032018
359	FT911-1702	554	0.031993
359	FT911-628	555	0.031960
359	FT911-2848	556	0.031902
359	FT911-4784	557	0.031890
359	FT911-3551	558	0.031867
359	FT911-1080	559	0.031854
359	FT911-1554	560	0.031835
359	FT911-2561	561	0.031767
359	FT911-3267	562	0.031667
359	FT911-952	563	0.031592
359	FT911-1079	564	0.031516
359	FT911-4330	565	0.031482
359	FT911-4603	566	0.031470
359	FT911-3330	567	0.031455
359	FT911-2118	568	0.031452
359	FT911-3256	569	0.031441
359	FT911-1329	570	0.031366
359	FT911-2916	571	0.031361
359	FT911-4560	572	0.031358
359	FT911-2374	573	0.031292
359	FT911-1174	574	0.031261
359	FT911-2871	575	0.031249
359	FT911-1056	576	0.031238
359	FT911-4444	577	0.031234
359	FT911-2625	578	0.031196
359	FT911-5101	579	0.031165
359	FT911-4773	580	0.031130
359	FT911-1914	581	0.031107
359	FT911-2486	582	0.031101
359	FT911-1188	583	0.031072
359	FT911-2026	584	0.031050
359	FT911-4533	585	0.031013
359	FT911-2700	586	0.031002
359	FT911-2197	587	0.030924
359	FT911-591	588	0.030922
359	FT911-3923	589	0.030875
359	FT911-4729	590	0.030786
359	FT911-5015	591	0.030768
359	FT911-154	592	0.030724
359	FT911-3607	593	0.030719
359	FT911-99	594	0.030637
359	FT911-2536	595	0.030629
359	FT911-3274	596	0.030599
359	FT911-2535	597	0.030537
359	FT911-4396	598	0.030512
359	FT911-2753	599	0.030465
359	FT911-2100	600	0.030425
359	FT911-2174	601	0.030357
359	FT911-4012	602	0.030316
359	FT911-4234	603	0.030278
359	FT911-86	604	0.030246
359	FT911-521	605	0.030240
359	FT911-2894	606	0.030234
359	FT911-2055	607	0.030214
359	FT911-4474	608	0.030202
359	FT911-738	609	0.030152
359	FT911-244	610	0.030124
359	FT911-339	611	0.030014
359	FT911-4121	612	0.030010
359	FT911-2451	613	0.029947
359	FT911-870	614	0.029922
359	FT911-635	615	0.029892
359	FT911-2223	616	0.029889
359	FT911-2005	617	0.029865
359	FT911-393	618	0.029854
359	FT911-2453	619	0.029814
359	FT911-4108	620	0.029801
359	FT911-4401	621	0.029727
359	FT911-5168	622	0.029723
359	FT911-5273	623	0.029693
359	FT911-639	624	0.029684
359	FT911-983	625	0.029681
359	FT911-3043	626	0.029675
359	FT911-106	627	0.029627
359	FT911-4153	628	0.029615
359	FT911-3410	629	0.029543
359	FT911-5214	630	0.029536
359	FT911-241	631	0.029533
359	FT911-2230	632	0.029464
359	FT911-461	633	0.029412
359	FT911-756	634	0.029354
359	FT911-4325	635	0.029332
359	FT911-2366	636	0.029271
359	FT911-2082	637	0.029268
359	FT911-3496	638	0.029241
359	FT911-2152	639	0.029223
359	FT911-1964	640	0.029215
359	FT911-1760	641	0.029161
359	FT911-1180	642	0.029161
359	FT911-1168	643	0.029118
359	FT911-45	644	0.029072
359	FT911-4344	645	0.029069
359	FT911-4021	646	0.029004
359	FT911-4878	647	0.028994
359	FT911-976	648	0.028986
359	FT911-1419	649	0.028980
359	FT911-4043	650	0.028971
359	FT911-1195	651	0.028936
359	FT911-2993	652	0.028936
359	FT911-5237	653	0.028926
359	FT911-4753	654	0.028863
359	FT911-47	655	0.028817
359	FT911-968	656	0.028769
359	FT911-5102	657	0.028769
359	FT911-2484	658	0.028719
359	FT911-762	659	0.028719
359	FT911-2693	660	0.028705
359	FT911-1367	661	0.028688
359	FT911-790	662	0.028652
359	FT911-3018	663	0.028613
359	FT911-1773	664	0.028585
359	FT911-1541	665	0.028521
359	FT911-1799	666	0.028494
359	FT911-2696	667	0.028484
359	FT911-3246	668	0.028479
359	FT911-5061	669	0.028468
359	FT911-3378	670	0.028356
359	FT911-4224	671	0.028351
359	FT911-2221	672	0.028339
359	FT911-1620	673	0.028302
359	FT911-2054	674	0.028221
359	FT911-2501	675	0.028199
359	FT911-4875	676	0.028150
359	FT911-4379	677	0.028123
359	FT911-4896	678	0.028117
359	FT911-3913	679	0.028114
359	FT911-4017	680	0.028105
359	FT911-3092	681	0.028072
359	FT911-2175	682	0.028069
359	FT911-5304	683	0.028063
359	FT911-5176	684	0.028055
359	FT911-3079	685	0.028052
359	FT911-1866	686	0.028032
359	FT911-5103	687	0.028013
359	FT911-727	688	0.027971
359	FT911-3805	689	0.027945
359	FT911-3726	690	0.027854
359	FT911-949	691	0.027848
359	FT911-2256	692	0.027841
359	FT911-533	693	0.027810
359	FT911-4727	694	0.027759
359	FT911-1972	695	0.027749
359	FT911-4459	696	0.027726
359	FT911-4178	697	0.027697
359	FT911-255	698	0.027690
359	FT911-576	699	0.027635
359	FT911-1523	700	0.027555
359	FT911-4971	701	0.027528
359	FT911-35	702	0.027504
359	FT911-2901	703	0.027501
359	FT911-4554	704	0.027485
359	FT911-2717	705	0.027445
359	FT911-2555	706	0.027426
359	FT911-1644	707	0.027408
359	FT911-2095	708	0.027375
359	FT911-3933	709	0.027365
359	FT911-4362	710	0.027313
359	FT911-5316	711	0.027310
359	FT911-3229	712	0.027282
359	FT911-4901	713	0.027275
359	FT911-1731	714	0.027273
359	FT911-3071	715	0.027215
359	FT911-4814	716	0.027201
359	FT911-1741	717	0.027160
359	FT911-5284	718	0.027092
359	FT911-250	719	0.027080
359	FT911-3019	720	0.027069
359	FT911-1511	721	0.027068
359	FT911-2698	722	0.027042
359	FT911-130	723	0.027005
359	FT911-5349	724	0.026987
359	FT911-4432	725	0.026971
359	FT911-2341	726	0.026924
359	FT911-2657	727	0.026839
359	FT911-3219	728	0.026827
359	FT911-2911	729	0.026796
359	FT911-3392	730	0.026785
359	FT911-627	731	0.026778
359	FT911-3722	732	0.026774
359	FT911-1279	733	0.026747
359	FT911-1379	734	0.026727
359	FT911-304	735	0.026677
359	FT911-4076	736	0.026676
359	FT911-810	737	0.026653
359	FT911-2816	738	0.026647
359	FT911-2618	739	0.026627
359	FT911-4879	740	0.026618
359	FT911-1909	741	0.026615
359	FT911-4983	742	0.026597
359	FT911-2514	743	0.026596
359	FT911-1689	744	0.026537
359	FT911-3257	745	0.026531
359	FT911-2723	746	0.026517
359	FT911-3781	747	0.026481
359	FT911-719	748	0.026475
359	FT911-402	749	0.026475
359	FT911-1993	750	0.026470
359	FT911-3658	751	0.026468
359	FT911-735	752	0.026432
359	FT911-1953	753	0.026431
359	FT911-2025	754	0.026423
359	FT911-4487	755	0.026384
359	FT911-1461	756	0.026380
359	FT911-4938	757	0.026355
359	FT911-5177	758	0.026353
359	FT911-4437	759	0.026342
359	FT911-1688	760	0.026308
359	FT911-2332	761	0.026287
359	FT911-1470	762	0.026251
359	FT911-133	763	0.026235
359	FT911-4272	764	0.026233
359	FT911-3890	765	0.026098
359	FT911-1699	766	0.026086
359	FT911-713	767	0.026070
359	FT911-3328	768	0.026041
359	FT911-2829	769	0.025984
359	FT911-855	770	0.025965
359	FT911-221	771	0.025950
359	FT911-2558	772	0.025942
359	FT911-4608	773	0.025935
359	FT911-4064	774	0.025917
359	FT911-598	775	0.025908
359	FT911-4208	776	0.025894
359	FT911-2851	777	0.025847
359	FT911-2375	778	0.025839
359	FT911-210	779	0.025836
359	FT911-4786	780	0.025828
359	FT911-5137	781	0.025820
359	FT911-685	782	0.025810
359	FT911-2421	783	0.025786
359	FT911-2067	784	0.025786
359	FT911-3633	785	0.025785
359	FT911-3618	786	0.025775
359	FT911-5110	787	0.025755
359	FT911-4897	788	0.025744
359	FT911-3170	789	0.025733
359	FT911-4212	790	0.025670
359	FT911-4378	791	0.025638
359	FT911-5118	792	0.025610
359	FT911-2259	793	0.025608
359	FT911-3858	794	0.025604
359	FT911-2649	795	0.025585
359	FT911-2383	796	0.025563
359	FT911-1693	797	0.025556
359	FT911-908	798	0.025552
359	FT911-3187	799	0.025540
359	FT911-1568	800	0.025531
359	FT911-3604	801	0.025467
359	FT911-3786	802	0.025392
359	FT911-5096	803	0.025367
359	FT911-2086	804	0.025358
359	FT911-534	805	0.025357
359	FT911-15	806	0.025355
359	FT911-2580	807	0.025341
359	FT911-3005	808	0.025340
359	FT911-4442	809	0.025290
359	FT911-530	810	0.025266
359	FT911-326	811	0.025260
359	FT911-766	812	0.025257
359	FT911-3323	813	0.025256
359	FT911-2459	814	0.025234
359	FT911-3183	815	0.025222
359	FT911-725	816	0.025202
359	FT911-2211	817	0.025177
359	FT911-1632	818	0.025138
359	FT911-4634	819	0.025136
359	FT911-4253	820	0.025090
359	FT911-3484	821	0.025084
359	FT911-3340	822	0.025072
359	FT911-1780	823	0.025067
359	FT911-4447	824	0.025026
359	FT911-4836	825	0.025005
359	FT911-1150	826	0.024924
359	FT911-2114	827	0.024917
359	FT911-4219	828	0.024914
359	FT911-1600	829	0.024906
359	FT911-2040	830	0.024858
359	FT911-1115	831	0.024854
359	FT911-297	832	0.024832
359	FT911-5164	833	0.024825
359	FT911-5161	834	0.024825
359	FT911-3230	835	0.024809
359	FT911-1200	836	0.024722
359	FT911-1022	837	0.024704
359	FT911-802	838	0.024696
359	FT911-539	839	0.024676
359	FT911-2656	840	0.024650
359	FT911-1303	841	0.024605
359	FT911-4895	842	0.024594
359	FT911-2231	843	0.024573
359	FT911-3077	844	0.024551
359	FT911-655	845	0.024549
359	FT911-465	846	0.024536
359	FT911-1492	847	0.024532
359	FT911-4531	848	0.024510
359	FT911-2985	849	0.024486
359	FT911-938	850	0.024479
359	FT911-4240	851	0.024475
359	FT911-4263	852	0.024447
359	FT911-3708	853	0.024446
359	FT911-4740	854	0.024441
359	FT911-1414	855	0.024406
359	FT911-2805	856	0.024400
359	FT911-5020	857	0.024390
359	FT911-604	858	0.024356
359	FT911-3010	859	0.024356
359	FT911-5341	860	0.024352
359	FT911-1999	861	0.024310
359	FT911-2419	862	0.024290
359	FT911-1063	863	0.024290
359	FT911-1179	864	0.024273
359	FT911-4137	865	0.024269
359	FT911-4312	866	0.024240
359	FT911-4551	867	0.024239
359	FT911-2991	868	0.024231
359	FT911-1990	869	0.024217
359	FT911-1587	870	0.024202
359	FT911-199	871	0.024160
359	FT911-4955	872	0.024156
359	FT911-2842	873	0.024156
359	FT911-3663	874	0.024151
359	FT911-5158	875	0.024141
359	FT911-3593	876	0.024121
359	FT911-3499	877	0.024085
359	FT911-996	878	0.024081
359	FT911-2011	879	0.024034
359	FT911-3184	880	0.024008
359	FT911-5111	881	0.023989
359	FT911-3926	882	0.023986
359	FT911-2373	883	0.023972
359	FT911-653	884	0.023954
359	FT911-1617	885	0.023906
359	FT911-902	886	0.023905
359	FT911-3304	887	0.023884
359	FT911-3563	888	0.023879
359	FT911-1664	889	0.023872
359	FT911-4098	890	0.023751
359	FT911-2850	891	0.023701
359	FT911-5031	892	0.023673
359	FT911-3772	893	0.023654
359	FT911-3783	894	0.023617
359	FT911-5232	895	0.023606
359	FT911-5274	896	0.023583
359	FT911-4663	897	0.023566
359	FT911-4450	898	0.023540
359	FT911-3302	899	0.023503
359	FT911-2996	900	0.023489
359	FT911-4402	901	0.023482
359	FT911-2617	902	0.023449
359	FT911-808	903	0.023436
359	FT911-1653	904	0.023374
359	FT911-2697	905	0.023352
359	FT911-1495	906	0.023338
359	FT911-2431	907	0.023328
359	FT911-2726	908	0.023293
359	FT911-3742	909	0.023262
359	FT911-2643	910	0.023215
359	FT911-2267	911	0.023201
359	FT911-1432	912	0.023195
359	FT911-2187	913	0.023183
359	FT911-514	914	0.023143
359	FT911-5252	915	0.023136
359	FT911-4251	916	0.023132
359	FT911-12	917	0.023112
359	FT911-710	918	0.023111
359	FT911-4086	919	0.023087
359	FT911-1555	920	0.023029
359	FT911-504	921	0.022963
359	FT911-3498	922	0.022956
359	FT911-540	923	0.022940
359	FT911-92	924	0.022938
359	FT911-760	925	0.022916
359	FT911-3637	926	0.022911
359	FT911-1526	927	0.022895
359	FT911-4842	928	0.022873
359	FT911-4013	929	0.022867
359	FT911-1971	930	0.022848
359	FT911-4830	931	0.022806
359	FT911-1655	932	0.022803
359	FT911-2191	933	0.022801
359	FT911-1584	934	0.022784
359	FT911-3450	935	0.022767
359	FT911-3440	936	0.022750
359	FT911-4657	937	0.022721
359	FT911-2835	938	0.022711
359	FT911-328	939	0.022674
359	FT911-2650	940	0.022655
359	FT911-1300	941	0.022605
359	FT911-4059	942	0.022581
359	FT911-2386	943	0.022569
359	FT911-323	944	0.022562
359	FT911-2545	945	0.022559
359	FT911-1869	946	0.022551
359	FT911-3711	947	0.022549
359	FT911-1949	948	0.022514
359	FT911-5307	949	0.022510
359	FT911-4044	950	0.022489
359	FT911-1900	951	0.022487
359	FT911-4889	952	0.022461
359	FT911-2414	953	0.022449
359	FT911-3311	954	0.022405
359	FT911-1998	955	0.022387
359	FT911-4973	956	0.022367
359	FT911-2126	957	0.022347
359	FT911-4792	958	0.022298
359	FT911-34	959	0.022272
359	FT911-3135	960	0.022255
359	FT911-3768	961	0.022243
359	FT911-4523	962	0.022159
359	FT911-4867	963	0.022138
359	FT911-2141	964	0.022105
359	FT911-5200	965	0.022070
359	FT911-585	966	0.022066
359	FT911-5036	967	0.022063
359	FT911-4902	968	0.022045
359	FT911-2691	969	0.022031
359	FT911-1302	970	0.022030
359	FT911-1868	971	0.022021
359	FT911-3490	972	0.022017
359	FT911-3023	973	0.022008
359	FT911-3342	974	0.022004
359	FT911-1963	975	0.021980
359	FT911-1749	976	0.021946
359	FT911-1186	977	0.021942
359	FT911-2093	978	0.021937
359	FT911-525	979	0.021895
359	FT911-1297	980	0.021853
359	FT911-4832	981	0.021839
359	FT911-4822	982	0.021741
359	FT911-4486	983	0.021741
359	FT911-313	984	0.021737
359	FT911-3259	985	0.021734
359	FT911-1827	986	0.021714
359	FT911-5202	987	0.021700
359	FT911-2841	988	0.021691
359	FT911-4204	989	0.021685
359	FT911-518	990	0.021682
359	FT911-3833	991	0.021664
359	FT911-611	992	0.021644
359	FT911-5190	993	0.021640
359	FT911-152	994	0.021618
359	FT911-2695	995	0.021613
359	FT911-1783	996	0.021597
359	FT911-4571	997	0.021584
359	FT911-2297	998	0.021580
359	FT911-3345	999	0.021568
359	FT911-1865	1000	0.021561
